date,store_id,product_id,product_name,category,opening_stock,purchased_quantity,sold_quantity,wasted_quantity,closing_stock,unit_price
2025-10-01,S001,P001,Veggie Burger,Food,131,40,19,2,150,5.99
2025-10-02,S001,P001,Veggie Burger,Food,150,40,25,1,164,5.99
2025-10-03,S001,P001,Veggie Burger,Food,164,0,27,2,135,5.99
2025-10-04,S001,P001,Veggie Burger,Food,135,0,35,4,96,5.99
2025-10-05,S001,P001,Veggie Burger,Food,96,20,15,2,99,5.99
2025-10-06,S001,P001,Veggie Burger,Food,99,60,25,1,133,5.99
2025-10-07,S001,P001,Veggie Burger,Food,133,20,34,1,118,5.99
2025-10-08,S001,P001,Veggie Burger,Food,118,20,25,0,113,5.99
2025-10-09,S001,P001,Veggie Burger,Food,113,20,30,4,99,5.99
2025-10-10,S001,P001,Veggie Burger,Food,99,20,29,0,90,5.99
2025-10-11,S001,P001,Veggie Burger,Food,90,0,38,1,51,5.99
2025-10-12,S001,P001,Veggie Burger,Food,51,20,40,2,29,5.99
2025-10-13,S001,P001,Veggie Burger,Food,29,20,27,3,19,5.99
2025-10-14,S001,P001,Veggie Burger,Food,19,0,7,4,8,5.99
2025-10-15,S001,P001,Veggie Burger,Food,8,0,8,0,0,5.99
2025-10-16,S001,P001,Veggie Burger,Food,0,0,0,0,0,5.99
2025-10-17,S001,P001,Veggie Burger,Food,0,20,20,0,0,5.99
2025-10-18,S001,P001,Veggie Burger,Food,0,60,27,1,32,5.99
2025-10-19,S001,P001,Veggie Burger,Food,32,0,32,0,0,5.99
2025-10-20,S001,P001,Veggie Burger,Food,0,0,0,0,0,5.99
2025-10-21,S001,P001,Veggie Burger,Food,0,20,11,3,6,5.99
2025-10-22,S001,P001,Veggie Burger,Food,6,40,12,2,32,5.99
2025-10-23,S001,P001,Veggie Burger,Food,32,60,21,3,68,5.99
2025-10-24,S001,P001,Veggie Burger,Food,68,0,12,3,53,5.99
2025-10-25,S001,P001,Veggie Burger,Food,53,0,42,1,10,5.99
2025-10-26,S001,P001,Veggie Burger,Food,10,20,30,0,0,5.99
2025-10-27,S001,P001,Veggie Burger,Food,0,0,0,0,0,5.99
2025-10-28,S001,P001,Veggie Burger,Food,0,0,0,0,0,5.99
2025-10-29,S001,P001,Veggie Burger,Food,0,60,20,3,37,5.99
2025-10-30,S001,P001,Veggie Burger,Food,37,0,34,3,0,5.99
2025-10-31,S001,P001,Veggie Burger,Food,0,40,22,4,14,5.99
2025-11-01,S001,P001,Veggie Burger,Food,14,0,14,0,0,5.99
2025-11-02,S001,P001,Veggie Burger,Food,0,20,20,0,0,5.99
2025-11-03,S001,P001,Veggie Burger,Food,0,0,0,0,0,5.99
2025-11-04,S001,P001,Veggie Burger,Food,0,0,0,0,0,5.99
2025-11-05,S001,P001,Veggie Burger,Food,0,0,0,0,0,5.99
2025-11-06,S001,P001,Veggie Burger,Food,0,0,0,0,0,5.99
2025-11-07,S001,P001,Veggie Burger,Food,0,0,0,0,0,5.99
2025-11-08,S001,P001,Veggie Burger,Food,0,40,17,1,22,5.99
2025-11-09,S001,P001,Veggie Burger,Food,22,0,22,0,0,5.99
2025-11-10,S001,P001,Veggie Burger,Food,0,20,6,0,14,5.99
2025-11-11,S001,P001,Veggie Burger,Food,14,60,28,4,42,5.99
2025-11-12,S001,P001,Veggie Burger,Food,42,0,16,2,24,5.99
2025-11-13,S001,P001,Veggie Burger,Food,24,0,5,2,17,5.99
2025-11-14,S001,P001,Veggie Burger,Food,17,40,19,2,36,5.99
2025-11-15,S001,P001,Veggie Burger,Food,36,0,11,1,24,5.99
2025-11-16,S001,P001,Veggie Burger,Food,24,60,13,2,69,5.99
2025-11-17,S001,P001,Veggie Burger,Food,69,0,19,1,49,5.99
2025-11-18,S001,P001,Veggie Burger,Food,49,0,32,4,13,5.99
2025-11-19,S001,P001,Veggie Burger,Food,13,0,11,0,2,5.99
2025-11-20,S001,P001,Veggie Burger,Food,2,20,22,0,0,5.99
2025-11-21,S001,P001,Veggie Burger,Food,0,60,9,4,47,5.99
2025-11-22,S001,P001,Veggie Burger,Food,47,0,41,3,3,5.99
2025-11-23,S001,P001,Veggie Burger,Food,3,40,13,2,28,5.99
2025-11-24,S001,P001,Veggie Burger,Food,28,0,26,2,0,5.99
2025-11-25,S001,P001,Veggie Burger,Food,0,0,0,0,0,5.99
2025-11-26,S001,P001,Veggie Burger,Food,0,60,29,4,27,5.99
2025-11-27,S001,P001,Veggie Burger,Food,27,60,32,3,52,5.99
2025-11-28,S001,P001,Veggie Burger,Food,52,20,16,3,53,5.99
2025-11-29,S001,P001,Veggie Burger,Food,53,60,42,2,69,5.99
2025-11-30,S001,P001,Veggie Burger,Food,69,0,33,3,33,5.99
2025-12-01,S001,P001,Veggie Burger,Food,33,0,11,0,22,5.99
2025-12-02,S001,P001,Veggie Burger,Food,22,0,22,0,0,5.99
2025-12-03,S001,P001,Veggie Burger,Food,0,60,29,3,28,5.99
2025-12-04,S001,P001,Veggie Burger,Food,28,40,13,2,53,5.99
2025-12-05,S001,P001,Veggie Burger,Food,53,60,12,2,99,5.99
2025-12-06,S001,P001,Veggie Burger,Food,99,0,42,4,53,5.99
2025-12-07,S001,P001,Veggie Burger,Food,53,0,28,1,24,5.99
2025-12-08,S001,P001,Veggie Burger,Food,24,20,28,2,14,5.99
2025-12-09,S001,P001,Veggie Burger,Food,14,60,28,0,46,5.99
2025-12-10,S001,P001,Veggie Burger,Food,46,20,21,0,45,5.99
2025-12-11,S001,P001,Veggie Burger,Food,45,0,24,3,18,5.99
2025-12-12,S001,P001,Veggie Burger,Food,18,60,11,1,66,5.99
2025-12-13,S001,P001,Veggie Burger,Food,66,0,26,4,36,5.99
2025-12-14,S001,P001,Veggie Burger,Food,36,0,35,0,1,5.99
2025-12-15,S001,P001,Veggie Burger,Food,1,0,1,0,0,5.99
2025-12-16,S001,P001,Veggie Burger,Food,0,0,0,0,0,5.99
2025-12-17,S001,P001,Veggie Burger,Food,0,0,0,0,0,5.99
2025-12-18,S001,P001,Veggie Burger,Food,0,60,6,4,50,5.99
2025-12-19,S001,P001,Veggie Burger,Food,50,20,30,3,37,5.99
2025-12-20,S001,P001,Veggie Burger,Food,37,0,35,2,0,5.99
2025-12-21,S001,P001,Veggie Burger,Food,0,0,0,0,0,5.99
2025-12-22,S001,P001,Veggie Burger,Food,0,20,6,2,12,5.99
2025-12-23,S001,P001,Veggie Burger,Food,12,0,12,0,0,5.99
2025-12-24,S001,P001,Veggie Burger,Food,0,0,0,0,0,5.99
2025-12-25,S001,P001,Veggie Burger,Food,0,0,0,0,0,5.99
2025-12-26,S001,P001,Veggie Burger,Food,0,0,0,0,0,5.99
2025-12-27,S001,P001,Veggie Burger,Food,0,0,0,0,0,5.99
2025-12-28,S001,P001,Veggie Burger,Food,0,20,13,3,4,5.99
2025-12-29,S001,P001,Veggie Burger,Food,4,0,4,0,0,5.99
2025-10-01,S001,P002,Chicken Burger,Food,80,0,32,0,48,6.99
2025-10-02,S001,P002,Chicken Burger,Food,48,0,22,1,25,6.99
2025-10-03,S001,P002,Chicken Burger,Food,25,0,11,3,11,6.99
2025-10-04,S001,P002,Chicken Burger,Food,11,0,11,0,0,6.99
2025-10-05,S001,P002,Chicken Burger,Food,0,20,20,0,0,6.99
2025-10-06,S001,P002,Chicken Burger,Food,0,0,0,0,0,6.99
2025-10-07,S001,P002,Chicken Burger,Food,0,40,9,2,29,6.99
2025-10-08,S001,P002,Chicken Burger,Food,29,0,13,2,14,6.99
2025-10-09,S001,P002,Chicken Burger,Food,14,0,14,0,0,6.99
2025-10-10,S001,P002,Chicken Burger,Food,0,20,20,0,0,6.99
2025-10-11,S001,P002,Chicken Burger,Food,0,20,18,0,2,6.99
2025-10-12,S001,P002,Chicken Burger,Food,2,20,12,3,7,6.99
2025-10-13,S001,P002,Chicken Burger,Food,7,60,7,0,60,6.99
2025-10-14,S001,P002,Chicken Burger,Food,60,0,29,4,27,6.99
2025-10-15,S001,P002,Chicken Burger,Food,27,0,18,1,8,6.99
2025-10-16,S001,P002,Chicken Burger,Food,8,0,8,0,0,6.99
2025-10-17,S001,P002,Chicken Burger,Food,0,40,13,3,24,6.99
2025-10-18,S001,P002,Chicken Burger,Food,24,0,10,0,14,6.99
2025-10-19,S001,P002,Chicken Burger,Food,14,60,31,3,40,6.99
2025-10-20,S001,P002,Chicken Burger,Food,40,0,21,0,19,6.99
2025-10-21,S001,P002,Chicken Burger,Food,19,20,31,2,6,6.99
2025-10-22,S001,P002,Chicken Burger,Food,6,60,27,4,35,6.99
2025-10-23,S001,P002,Chicken Burger,Food,35,0,26,2,7,6.99
2025-10-24,S001,P002,Chicken Burger,Food,7,0,6,1,0,6.99
2025-10-25,S001,P002,Chicken Burger,Food,0,60,6,3,51,6.99
2025-10-26,S001,P002,Chicken Burger,Food,51,0,11,3,37,6.99
2025-10-27,S001,P002,Chicken Burger,Food,37,40,20,2,55,6.99
2025-10-28,S001,P002,Chicken Burger,Food,55,20,7,0,68,6.99
2025-10-29,S001,P002,Chicken Burger,Food,68,0,16,3,49,6.99
2025-10-30,S001,P002,Chicken Burger,Food,49,60,33,4,72,6.99
2025-10-31,S001,P002,Chicken Burger,Food,72,60,7,3,122,6.99
2025-11-01,S001,P002,Chicken Burger,Food,122,0,11,4,107,6.99
2025-11-02,S001,P002,Chicken Burger,Food,107,0,22,4,81,6.99
2025-11-03,S001,P002,Chicken Burger,Food,81,0,32,0,49,6.99
2025-11-04,S001,P002,Chicken Burger,Food,49,20,33,4,32,6.99
2025-11-05,S001,P002,Chicken Burger,Food,32,0,7,1,24,6.99
2025-11-06,S001,P002,Chicken Burger,Food,24,0,14,1,9,6.99
2025-11-07,S001,P002,Chicken Burger,Food,9,0,9,0,0,6.99
2025-11-08,S001,P002,Chicken Burger,Food,0,60,33,1,26,6.99
2025-11-09,S001,P002,Chicken Burger,Food,26,0,17,1,8,6.99
2025-11-10,S001,P002,Chicken Burger,Food,8,0,8,0,0,6.99
2025-11-11,S001,P002,Chicken Burger,Food,0,0,0,0,0,6.99
2025-11-12,S001,P002,Chicken Burger,Food,0,0,0,0,0,6.99
2025-11-13,S001,P002,Chicken Burger,Food,0,0,0,0,0,6.99
2025-11-14,S001,P002,Chicken Burger,Food,0,40,32,1,7,6.99
2025-11-15,S001,P002,Chicken Burger,Food,7,0,7,0,0,6.99
2025-11-16,S001,P002,Chicken Burger,Food,0,20,6,3,11,6.99
2025-11-17,S001,P002,Chicken Burger,Food,11,0,11,0,0,6.99
2025-11-18,S001,P002,Chicken Burger,Food,0,0,0,0,0,6.99
2025-11-19,S001,P002,Chicken Burger,Food,0,0,0,0,0,6.99
2025-11-20,S001,P002,Chicken Burger,Food,0,60,30,1,29,6.99
2025-11-21,S001,P002,Chicken Burger,Food,29,60,21,3,65,6.99
2025-11-22,S001,P002,Chicken Burger,Food,65,0,12,2,51,6.99
2025-11-23,S001,P002,Chicken Burger,Food,51,20,11,0,60,6.99
2025-11-24,S001,P002,Chicken Burger,Food,60,40,32,3,65,6.99
2025-11-25,S001,P002,Chicken Burger,Food,65,20,9,3,73,6.99
2025-11-26,S001,P002,Chicken Burger,Food,73,60,17,3,113,6.99
2025-11-27,S001,P002,Chicken Burger,Food,113,60,19,2,152,6.99
2025-11-28,S001,P002,Chicken Burger,Food,152,20,20,4,148,6.99
2025-11-29,S001,P002,Chicken Burger,Food,148,0,40,1,107,6.99
2025-11-30,S001,P002,Chicken Burger,Food,107,60,28,0,139,6.99
2025-12-01,S001,P002,Chicken Burger,Food,139,0,32,1,106,6.99
2025-12-02,S001,P002,Chicken Burger,Food,106,0,9,1,96,6.99
2025-12-03,S001,P002,Chicken Burger,Food,96,40,34,0,102,6.99
2025-12-04,S001,P002,Chicken Burger,Food,102,20,25,0,97,6.99
2025-12-05,S001,P002,Chicken Burger,Food,97,0,30,0,67,6.99
2025-12-06,S001,P002,Chicken Burger,Food,67,0,42,0,25,6.99
2025-12-07,S001,P002,Chicken Burger,Food,25,40,31,0,34,6.99
2025-12-08,S001,P002,Chicken Burger,Food,34,40,11,4,59,6.99
2025-12-09,S001,P002,Chicken Burger,Food,59,60,33,2,84,6.99
2025-12-10,S001,P002,Chicken Burger,Food,84,20,30,2,72,6.99
2025-12-11,S001,P002,Chicken Burger,Food,72,40,26,0,86,6.99
2025-12-12,S001,P002,Chicken Burger,Food,86,40,18,3,105,6.99
2025-12-13,S001,P002,Chicken Burger,Food,105,40,23,0,122,6.99
2025-12-14,S001,P002,Chicken Burger,Food,122,60,22,3,157,6.99
2025-12-15,S001,P002,Chicken Burger,Food,157,40,16,1,180,6.99
2025-12-16,S001,P002,Chicken Burger,Food,180,0,20,4,156,6.99
2025-12-17,S001,P002,Chicken Burger,Food,156,20,5,4,167,6.99
2025-12-18,S001,P002,Chicken Burger,Food,167,0,14,4,149,6.99
2025-12-19,S001,P002,Chicken Burger,Food,149,20,6,3,160,6.99
2025-12-20,S001,P002,Chicken Burger,Food,160,0,37,2,121,6.99
2025-12-21,S001,P002,Chicken Burger,Food,121,0,6,4,111,6.99
2025-12-22,S001,P002,Chicken Burger,Food,111,40,8,1,142,6.99
2025-12-23,S001,P002,Chicken Burger,Food,142,0,32,2,108,6.99
2025-12-24,S001,P002,Chicken Burger,Food,108,20,28,3,97,6.99
2025-12-25,S001,P002,Chicken Burger,Food,97,0,7,3,87,6.99
2025-12-26,S001,P002,Chicken Burger,Food,87,0,5,4,78,6.99
2025-12-27,S001,P002,Chicken Burger,Food,78,0,18,4,56,6.99
2025-12-28,S001,P002,Chicken Burger,Food,56,20,8,0,68,6.99
2025-12-29,S001,P002,Chicken Burger,Food,68,0,12,1,55,6.99
2025-10-01,S001,P003,French Fries,Food,122,20,33,4,105,3.49
2025-10-02,S001,P003,French Fries,Food,105,20,18,1,106,3.49
2025-10-03,S001,P003,French Fries,Food,106,40,23,1,122,3.49
2025-10-04,S001,P003,French Fries,Food,122,0,33,0,89,3.49
2025-10-05,S001,P003,French Fries,Food,89,0,15,4,70,3.49
2025-10-06,S001,P003,French Fries,Food,70,0,14,1,55,3.49
2025-10-07,S001,P003,French Fries,Food,55,60,6,2,107,3.49
2025-10-08,S001,P003,French Fries,Food,107,0,11,3,93,3.49
2025-10-09,S001,P003,French Fries,Food,93,0,25,1,67,3.49
2025-10-10,S001,P003,French Fries,Food,67,40,15,4,88,3.49
2025-10-11,S001,P003,French Fries,Food,88,20,36,4,68,3.49
2025-10-12,S001,P003,French Fries,Food,68,40,36,3,69,3.49
2025-10-13,S001,P003,French Fries,Food,69,0,9,0,60,3.49
2025-10-14,S001,P003,French Fries,Food,60,0,21,2,37,3.49
2025-10-15,S001,P003,French Fries,Food,37,20,22,0,35,3.49
2025-10-16,S001,P003,French Fries,Food,35,60,9,3,83,3.49
2025-10-17,S001,P003,French Fries,Food,83,0,27,4,52,3.49
2025-10-18,S001,P003,French Fries,Food,52,0,8,0,44,3.49
2025-10-19,S001,P003,French Fries,Food,44,60,26,0,78,3.49
2025-10-20,S001,P003,French Fries,Food,78,60,24,0,114,3.49
2025-10-21,S001,P003,French Fries,Food,114,60,17,2,155,3.49
2025-10-22,S001,P003,French Fries,Food,155,0,21,3,131,3.49
2025-10-23,S001,P003,French Fries,Food,131,20,33,0,118,3.49
2025-10-24,S001,P003,French Fries,Food,118,0,16,0,102,3.49
2025-10-25,S001,P003,French Fries,Food,102,20,22,3,97,3.49
2025-10-26,S001,P003,French Fries,Food,97,0,37,4,56,3.49
2025-10-27,S001,P003,French Fries,Food,56,40,7,3,86,3.49
2025-10-28,S001,P003,French Fries,Food,86,0,24,2,60,3.49
2025-10-29,S001,P003,French Fries,Food,60,40,8,4,88,3.49
2025-10-30,S001,P003,French Fries,Food,88,0,11,4,73,3.49
2025-10-31,S001,P003,French Fries,Food,73,40,14,1,98,3.49
2025-11-01,S001,P003,French Fries,Food,98,60,37,4,117,3.49
2025-11-02,S001,P003,French Fries,Food,117,0,33,4,80,3.49
2025-11-03,S001,P003,French Fries,Food,80,0,15,1,64,3.49
2025-11-04,S001,P003,French Fries,Food,64,20,13,1,70,3.49
2025-11-05,S001,P003,French Fries,Food,70,0,16,0,54,3.49
2025-11-06,S001,P003,French Fries,Food,54,40,10,4,80,3.49
2025-11-07,S001,P003,French Fries,Food,80,0,13,1,66,3.49
2025-11-08,S001,P003,French Fries,Food,66,0,37,1,28,3.49
2025-11-09,S001,P003,French Fries,Food,28,40,41,4,23,3.49
2025-11-10,S001,P003,French Fries,Food,23,60,23,4,56,3.49
2025-11-11,S001,P003,French Fries,Food,56,0,26,3,27,3.49
2025-11-12,S001,P003,French Fries,Food,27,0,11,0,16,3.49
2025-11-13,S001,P003,French Fries,Food,16,40,8,3,45,3.49
2025-11-14,S001,P003,French Fries,Food,45,60,32,2,71,3.49
2025-11-15,S001,P003,French Fries,Food,71,40,20,2,89,3.49
2025-11-16,S001,P003,French Fries,Food,89,0,37,2,50,3.49
2025-11-17,S001,P003,French Fries,Food,50,60,7,4,99,3.49
2025-11-18,S001,P003,French Fries,Food,99,40,22,3,114,3.49
2025-11-19,S001,P003,French Fries,Food,114,60,30,3,141,3.49
2025-11-20,S001,P003,French Fries,Food,141,20,12,4,145,3.49
2025-11-21,S001,P003,French Fries,Food,145,0,11,0,134,3.49
2025-11-22,S001,P003,French Fries,Food,134,0,21,3,110,3.49
2025-11-23,S001,P003,French Fries,Food,110,60,36,3,131,3.49
2025-11-24,S001,P003,French Fries,Food,131,0,29,0,102,3.49
2025-11-25,S001,P003,French Fries,Food,102,60,25,1,136,3.49
2025-11-26,S001,P003,French Fries,Food,136,20,17,4,135,3.49
2025-11-27,S001,P003,French Fries,Food,135,40,19,4,152,3.49
2025-11-28,S001,P003,French Fries,Food,152,60,25,2,185,3.49
2025-11-29,S001,P003,French Fries,Food,185,20,11,3,191,3.49
2025-11-30,S001,P003,French Fries,Food,191,0,28,3,160,3.49
2025-12-01,S001,P003,French Fries,Food,160,0,22,0,138,3.49
2025-12-02,S001,P003,French Fries,Food,138,0,18,0,120,3.49
2025-12-03,S001,P003,French Fries,Food,120,40,26,2,132,3.49
2025-12-04,S001,P003,French Fries,Food,132,0,15,3,114,3.49
2025-12-05,S001,P003,French Fries,Food,114,0,20,3,91,3.49
2025-12-06,S001,P003,French Fries,Food,91,20,31,1,79,3.49
2025-12-07,S001,P003,French Fries,Food,79,20,10,1,88,3.49
2025-12-08,S001,P003,French Fries,Food,88,0,32,1,55,3.49
2025-12-09,S001,P003,French Fries,Food,55,20,32,4,39,3.49
2025-12-10,S001,P003,French Fries,Food,39,0,8,2,29,3.49
2025-12-11,S001,P003,French Fries,Food,29,60,21,0,68,3.49
2025-12-12,S001,P003,French Fries,Food,68,0,25,3,40,3.49
2025-12-13,S001,P003,French Fries,Food,40,40,40,4,36,3.49
2025-12-14,S001,P003,French Fries,Food,36,40,22,2,52,3.49
2025-12-15,S001,P003,French Fries,Food,52,40,10,1,81,3.49
2025-12-16,S001,P003,French Fries,Food,81,0,9,0,72,3.49
2025-12-17,S001,P003,French Fries,Food,72,0,14,1,57,3.49
2025-12-18,S001,P003,French Fries,Food,57,0,17,4,36,3.49
2025-12-19,S001,P003,French Fries,Food,36,0,26,0,10,3.49
2025-12-20,S001,P003,French Fries,Food,10,0,10,0,0,3.49
2025-12-21,S001,P003,French Fries,Food,0,0,0,0,0,3.49
2025-12-22,S001,P003,French Fries,Food,0,0,0,0,0,3.49
2025-12-23,S001,P003,French Fries,Food,0,0,0,0,0,3.49
2025-12-24,S001,P003,French Fries,Food,0,0,0,0,0,3.49
2025-12-25,S001,P003,French Fries,Food,0,0,0,0,0,3.49
2025-12-26,S001,P003,French Fries,Food,0,60,32,0,28,3.49
2025-12-27,S001,P003,French Fries,Food,28,40,11,2,55,3.49
2025-12-28,S001,P003,French Fries,Food,55,40,33,4,58,3.49
2025-12-29,S001,P003,French Fries,Food,58,40,9,1,88,3.49
2025-10-01,S001,P004,Cola 500ml,Beverage,153,0,21,4,128,2.49
2025-10-02,S001,P004,Cola 500ml,Beverage,128,60,13,0,175,2.49
2025-10-03,S001,P004,Cola 500ml,Beverage,175,0,17,4,154,2.49
2025-10-04,S001,P004,Cola 500ml,Beverage,154,20,42,0,132,2.49
2025-10-05,S001,P004,Cola 500ml,Beverage,132,0,15,1,116,2.49
2025-10-06,S001,P004,Cola 500ml,Beverage,116,20,12,1,123,2.49
2025-10-07,S001,P004,Cola 500ml,Beverage,123,0,6,2,115,2.49
2025-10-08,S001,P004,Cola 500ml,Beverage,115,0,22,3,90,2.49
2025-10-09,S001,P004,Cola 500ml,Beverage,90,0,26,3,61,2.49
2025-10-10,S001,P004,Cola 500ml,Beverage,61,40,34,2,65,2.49
2025-10-11,S001,P004,Cola 500ml,Beverage,65,0,26,4,35,2.49
2025-10-12,S001,P004,Cola 500ml,Beverage,35,40,22,1,52,2.49
2025-10-13,S001,P004,Cola 500ml,Beverage,52,0,23,3,26,2.49
2025-10-14,S001,P004,Cola 500ml,Beverage,26,0,10,1,15,2.49
2025-10-15,S001,P004,Cola 500ml,Beverage,15,0,15,0,0,2.49
2025-10-16,S001,P004,Cola 500ml,Beverage,0,0,0,0,0,2.49
2025-10-17,S001,P004,Cola 500ml,Beverage,0,0,0,0,0,2.49
2025-10-18,S001,P004,Cola 500ml,Beverage,0,20,20,0,0,2.49
2025-10-19,S001,P004,Cola 500ml,Beverage,0,0,0,0,0,2.49
2025-10-20,S001,P004,Cola 500ml,Beverage,0,40,8,1,31,2.49
2025-10-21,S001,P004,Cola 500ml,Beverage,31,0,14,0,17,2.49
2025-10-22,S001,P004,Cola 500ml,Beverage,17,20,24,4,9,2.49
2025-10-23,S001,P004,Cola 500ml,Beverage,9,0,9,0,0,2.49
2025-10-24,S001,P004,Cola 500ml,Beverage,0,0,0,0,0,2.49
2025-10-25,S001,P004,Cola 500ml,Beverage,0,0,0,0,0,2.49
2025-10-26,S001,P004,Cola 500ml,Beverage,0,0,0,0,0,2.49
2025-10-27,S001,P004,Cola 500ml,Beverage,0,0,0,0,0,2.49
2025-10-28,S001,P004,Cola 500ml,Beverage,0,20,20,0,0,2.49
2025-10-29,S001,P004,Cola 500ml,Beverage,0,0,0,0,0,2.49
2025-10-30,S001,P004,Cola 500ml,Beverage,0,40,22,4,14,2.49
2025-10-31,S001,P004,Cola 500ml,Beverage,14,0,14,0,0,2.49
2025-11-01,S001,P004,Cola 500ml,Beverage,0,40,11,1,28,2.49
2025-11-02,S001,P004,Cola 500ml,Beverage,28,20,17,4,27,2.49
2025-11-03,S001,P004,Cola 500ml,Beverage,27,60,25,0,62,2.49
2025-11-04,S001,P004,Cola 500ml,Beverage,62,40,13,3,86,2.49
2025-11-05,S001,P004,Cola 500ml,Beverage,86,0,18,1,67,2.49
2025-11-06,S001,P004,Cola 500ml,Beverage,67,0,18,1,48,2.49
2025-11-07,S001,P004,Cola 500ml,Beverage,48,40,31,0,57,2.49
2025-11-08,S001,P004,Cola 500ml,Beverage,57,0,36,0,21,2.49
2025-11-09,S001,P004,Cola 500ml,Beverage,21,60,23,2,56,2.49
2025-11-10,S001,P004,Cola 500ml,Beverage,56,40,21,1,74,2.49
2025-11-11,S001,P004,Cola 500ml,Beverage,74,20,5,0,89,2.49
2025-11-12,S001,P004,Cola 500ml,Beverage,89,0,33,3,53,2.49
2025-11-13,S001,P004,Cola 500ml,Beverage,53,60,18,1,94,2.49
2025-11-14,S001,P004,Cola 500ml,Beverage,94,20,27,1,86,2.49
2025-11-15,S001,P004,Cola 500ml,Beverage,86,40,37,2,87,2.49
2025-11-16,S001,P004,Cola 500ml,Beverage,87,0,13,2,72,2.49
2025-11-17,S001,P004,Cola 500ml,Beverage,72,60,15,3,114,2.49
2025-11-18,S001,P004,Cola 500ml,Beverage,114,40,22,1,131,2.49
2025-11-19,S001,P004,Cola 500ml,Beverage,131,60,7,2,182,2.49
2025-11-20,S001,P004,Cola 500ml,Beverage,182,0,27,4,151,2.49
2025-11-21,S001,P004,Cola 500ml,Beverage,151,20,14,0,157,2.49
2025-11-22,S001,P004,Cola 500ml,Beverage,157,0,13,1,143,2.49
2025-11-23,S001,P004,Cola 500ml,Beverage,143,60,20,0,183,2.49
2025-11-24,S001,P004,Cola 500ml,Beverage,183,0,17,3,163,2.49
2025-11-25,S001,P004,Cola 500ml,Beverage,163,0,8,1,154,2.49
2025-11-26,S001,P004,Cola 500ml,Beverage,154,0,13,4,137,2.49
2025-11-27,S001,P004,Cola 500ml,Beverage,137,0,19,3,115,2.49
2025-11-28,S001,P004,Cola 500ml,Beverage,115,60,6,0,169,2.49
2025-11-29,S001,P004,Cola 500ml,Beverage,169,20,28,1,160,2.49
2025-11-30,S001,P004,Cola 500ml,Beverage,160,0,11,3,146,2.49
2025-12-01,S001,P004,Cola 500ml,Beverage,146,0,6,2,138,2.49
2025-12-02,S001,P004,Cola 500ml,Beverage,138,0,17,4,117,2.49
2025-12-03,S001,P004,Cola 500ml,Beverage,117,0,5,4,108,2.49
2025-12-04,S001,P004,Cola 500ml,Beverage,108,60,25,3,140,2.49
2025-12-05,S001,P004,Cola 500ml,Beverage,140,60,15,0,185,2.49
2025-12-06,S001,P004,Cola 500ml,Beverage,185,0,28,4,153,2.49
2025-12-07,S001,P004,Cola 500ml,Beverage,153,20,35,1,137,2.49
2025-12-08,S001,P004,Cola 500ml,Beverage,137,20,32,2,123,2.49
2025-12-09,S001,P004,Cola 500ml,Beverage,123,20,19,0,124,2.49
2025-12-10,S001,P004,Cola 500ml,Beverage,124,60,28,2,154,2.49
2025-12-11,S001,P004,Cola 500ml,Beverage,154,60,29,1,184,2.49
2025-12-12,S001,P004,Cola 500ml,Beverage,184,0,12,1,171,2.49
2025-12-13,S001,P004,Cola 500ml,Beverage,171,0,21,3,147,2.49
2025-12-14,S001,P004,Cola 500ml,Beverage,147,40,12,1,174,2.49
2025-12-15,S001,P004,Cola 500ml,Beverage,174,60,8,2,224,2.49
2025-12-16,S001,P004,Cola 500ml,Beverage,224,20,5,3,236,2.49
2025-12-17,S001,P004,Cola 500ml,Beverage,236,0,16,0,220,2.49
2025-12-18,S001,P004,Cola 500ml,Beverage,220,0,18,4,198,2.49
2025-12-19,S001,P004,Cola 500ml,Beverage,198,60,15,3,240,2.49
2025-12-20,S001,P004,Cola 500ml,Beverage,240,40,18,2,260,2.49
2025-12-21,S001,P004,Cola 500ml,Beverage,260,0,12,1,247,2.49
2025-12-22,S001,P004,Cola 500ml,Beverage,247,0,9,1,237,2.49
2025-12-23,S001,P004,Cola 500ml,Beverage,237,20,6,4,247,2.49
2025-12-24,S001,P004,Cola 500ml,Beverage,247,0,24,0,223,2.49
2025-12-25,S001,P004,Cola 500ml,Beverage,223,40,13,0,250,2.49
2025-12-26,S001,P004,Cola 500ml,Beverage,250,0,15,2,233,2.49
2025-12-27,S001,P004,Cola 500ml,Beverage,233,60,26,4,263,2.49
2025-12-28,S001,P004,Cola 500ml,Beverage,263,60,40,3,280,2.49
2025-12-29,S001,P004,Cola 500ml,Beverage,280,0,18,4,258,2.49
2025-10-01,S001,P005,Orange Juice,Beverage,154,0,6,3,145,3.99
2025-10-02,S001,P005,Orange Juice,Beverage,145,0,7,0,138,3.99
2025-10-03,S001,P005,Orange Juice,Beverage,138,60,32,4,162,3.99
2025-10-04,S001,P005,Orange Juice,Beverage,162,0,16,4,142,3.99
2025-10-05,S001,P005,Orange Juice,Beverage,142,60,40,2,160,3.99
2025-10-06,S001,P005,Orange Juice,Beverage,160,40,9,4,187,3.99
2025-10-07,S001,P005,Orange Juice,Beverage,187,0,31,1,155,3.99
2025-10-08,S001,P005,Orange Juice,Beverage,155,60,8,0,207,3.99
2025-10-09,S001,P005,Orange Juice,Beverage,207,40,14,0,233,3.99
2025-10-10,S001,P005,Orange Juice,Beverage,233,0,12,2,219,3.99
2025-10-11,S001,P005,Orange Juice,Beverage,219,40,12,0,247,3.99
2025-10-12,S001,P005,Orange Juice,Beverage,247,0,36,0,211,3.99
2025-10-13,S001,P005,Orange Juice,Beverage,211,0,19,1,191,3.99
2025-10-14,S001,P005,Orange Juice,Beverage,191,60,25,2,224,3.99
2025-10-15,S001,P005,Orange Juice,Beverage,224,0,10,2,212,3.99
2025-10-16,S001,P005,Orange Juice,Beverage,212,0,12,1,199,3.99
2025-10-17,S001,P005,Orange Juice,Beverage,199,20,19,4,196,3.99
2025-10-18,S001,P005,Orange Juice,Beverage,196,0,30,2,164,3.99
2025-10-19,S001,P005,Orange Juice,Beverage,164,20,41,0,143,3.99
2025-10-20,S001,P005,Orange Juice,Beverage,143,0,33,4,106,3.99
2025-10-21,S001,P005,Orange Juice,Beverage,106,0,27,0,79,3.99
2025-10-22,S001,P005,Orange Juice,Beverage,79,60,8,1,130,3.99
2025-10-23,S001,P005,Orange Juice,Beverage,130,0,9,2,119,3.99
2025-10-24,S001,P005,Orange Juice,Beverage,119,0,5,4,110,3.99
2025-10-25,S001,P005,Orange Juice,Beverage,110,20,21,3,106,3.99
2025-10-26,S001,P005,Orange Juice,Beverage,106,40,15,4,127,3.99
2025-10-27,S001,P005,Orange Juice,Beverage,127,40,19,3,145,3.99
2025-10-28,S001,P005,Orange Juice,Beverage,145,20,17,1,147,3.99
2025-10-29,S001,P005,Orange Juice,Beverage,147,0,23,2,122,3.99
2025-10-30,S001,P005,Orange Juice,Beverage,122,20,8,1,133,3.99
2025-10-31,S001,P005,Orange Juice,Beverage,133,0,31,4,98,3.99
2025-11-01,S001,P005,Orange Juice,Beverage,98,20,18,1,99,3.99
2025-11-02,S001,P005,Orange Juice,Beverage,99,60,12,1,146,3.99
2025-11-03,S001,P005,Orange Juice,Beverage,146,60,15,3,188,3.99
2025-11-04,S001,P005,Orange Juice,Beverage,188,0,17,1,170,3.99
2025-11-05,S001,P005,Orange Juice,Beverage,170,0,5,3,162,3.99
2025-11-06,S001,P005,Orange Juice,Beverage,162,0,16,3,143,3.99
2025-11-07,S001,P005,Orange Juice,Beverage,143,20,20,3,140,3.99
2025-11-08,S001,P005,Orange Juice,Beverage,140,40,35,4,141,3.99
2025-11-09,S001,P005,Orange Juice,Beverage,141,0,26,3,112,3.99
2025-11-10,S001,P005,Orange Juice,Beverage,112,0,13,2,97,3.99
2025-11-11,S001,P005,Orange Juice,Beverage,97,40,18,0,119,3.99
2025-11-12,S001,P005,Orange Juice,Beverage,119,60,15,0,164,3.99
2025-11-13,S001,P005,Orange Juice,Beverage,164,60,9,4,211,3.99
2025-11-14,S001,P005,Orange Juice,Beverage,211,0,18,3,190,3.99
2025-11-15,S001,P005,Orange Juice,Beverage,190,60,33,0,217,3.99
2025-11-16,S001,P005,Orange Juice,Beverage,217,0,32,2,183,3.99
2025-11-17,S001,P005,Orange Juice,Beverage,183,40,19,0,204,3.99
2025-11-18,S001,P005,Orange Juice,Beverage,204,40,13,1,230,3.99
2025-11-19,S001,P005,Orange Juice,Beverage,230,20,29,4,217,3.99
2025-11-20,S001,P005,Orange Juice,Beverage,217,0,13,2,202,3.99
2025-11-21,S001,P005,Orange Juice,Beverage,202,20,29,1,192,3.99
2025-11-22,S001,P005,Orange Juice,Beverage,192,0,12,1,179,3.99
2025-11-23,S001,P005,Orange Juice,Beverage,179,0,38,1,140,3.99
2025-11-24,S001,P005,Orange Juice,Beverage,140,0,21,2,117,3.99
2025-11-25,S001,P005,Orange Juice,Beverage,117,0,16,2,99,3.99
2025-11-26,S001,P005,Orange Juice,Beverage,99,0,26,0,73,3.99
2025-11-27,S001,P005,Orange Juice,Beverage,73,20,10,4,79,3.99
2025-11-28,S001,P005,Orange Juice,Beverage,79,0,21,4,54,3.99
2025-11-29,S001,P005,Orange Juice,Beverage,54,0,32,1,21,3.99
2025-11-30,S001,P005,Orange Juice,Beverage,21,20,27,4,10,3.99
2025-12-01,S001,P005,Orange Juice,Beverage,10,0,10,0,0,3.99
2025-12-02,S001,P005,Orange Juice,Beverage,0,20,13,0,7,3.99
2025-12-03,S001,P005,Orange Juice,Beverage,7,20,26,1,0,3.99
2025-12-04,S001,P005,Orange Juice,Beverage,0,40,12,0,28,3.99
2025-12-05,S001,P005,Orange Juice,Beverage,28,0,17,2,9,3.99
2025-12-06,S001,P005,Orange Juice,Beverage,9,0,9,0,0,3.99
2025-12-07,S001,P005,Orange Juice,Beverage,0,60,42,4,14,3.99
2025-12-08,S001,P005,Orange Juice,Beverage,14,0,14,0,0,3.99
2025-12-09,S001,P005,Orange Juice,Beverage,0,60,20,2,38,3.99
2025-12-10,S001,P005,Orange Juice,Beverage,38,0,5,2,31,3.99
2025-12-11,S001,P005,Orange Juice,Beverage,31,0,6,3,22,3.99
2025-12-12,S001,P005,Orange Juice,Beverage,22,0,22,0,0,3.99
2025-12-13,S001,P005,Orange Juice,Beverage,0,20,6,4,10,3.99
2025-12-14,S001,P005,Orange Juice,Beverage,10,0,10,0,0,3.99
2025-12-15,S001,P005,Orange Juice,Beverage,0,0,0,0,0,3.99
2025-12-16,S001,P005,Orange Juice,Beverage,0,20,5,3,12,3.99
2025-12-17,S001,P005,Orange Juice,Beverage,12,0,11,1,0,3.99
2025-12-18,S001,P005,Orange Juice,Beverage,0,0,0,0,0,3.99
2025-12-19,S001,P005,Orange Juice,Beverage,0,0,0,0,0,3.99
2025-12-20,S001,P005,Orange Juice,Beverage,0,40,8,2,30,3.99
2025-12-21,S001,P005,Orange Juice,Beverage,30,0,30,0,0,3.99
2025-12-22,S001,P005,Orange Juice,Beverage,0,0,0,0,0,3.99
2025-12-23,S001,P005,Orange Juice,Beverage,0,20,20,0,0,3.99
2025-12-24,S001,P005,Orange Juice,Beverage,0,60,25,1,34,3.99
2025-12-25,S001,P005,Orange Juice,Beverage,34,0,11,0,23,3.99
2025-12-26,S001,P005,Orange Juice,Beverage,23,40,23,4,36,3.99
2025-12-27,S001,P005,Orange Juice,Beverage,36,0,10,4,22,3.99
2025-12-28,S001,P005,Orange Juice,Beverage,22,20,27,1,14,3.99
2025-12-29,S001,P005,Orange Juice,Beverage,14,0,14,0,0,3.99
2025-10-01,S001,P006,Running Shoes,Sports,99,0,14,0,85,89.99
2025-10-02,S001,P006,Running Shoes,Sports,85,0,7,0,78,89.99
2025-10-03,S001,P006,Running Shoes,Sports,78,20,24,0,74,89.99
2025-10-04,S001,P006,Running Shoes,Sports,74,40,12,1,101,89.99
2025-10-05,S001,P006,Running Shoes,Sports,101,60,16,1,144,89.99
2025-10-06,S001,P006,Running Shoes,Sports,144,40,16,0,168,89.99
2025-10-07,S001,P006,Running Shoes,Sports,168,20,30,1,157,89.99
2025-10-08,S001,P006,Running Shoes,Sports,157,20,28,0,149,89.99
2025-10-09,S001,P006,Running Shoes,Sports,149,0,34,1,114,89.99
2025-10-10,S001,P006,Running Shoes,Sports,114,0,18,0,96,89.99
2025-10-11,S001,P006,Running Shoes,Sports,96,0,27,0,69,89.99
2025-10-12,S001,P006,Running Shoes,Sports,69,0,22,0,47,89.99
2025-10-13,S001,P006,Running Shoes,Sports,47,0,17,0,30,89.99
2025-10-14,S001,P006,Running Shoes,Sports,30,0,26,1,3,89.99
2025-10-15,S001,P006,Running Shoes,Sports,3,0,3,0,0,89.99
2025-10-16,S001,P006,Running Shoes,Sports,0,0,0,0,0,89.99
2025-10-17,S001,P006,Running Shoes,Sports,0,40,6,0,34,89.99
2025-10-18,S001,P006,Running Shoes,Sports,34,40,18,1,55,89.99
2025-10-19,S001,P006,Running Shoes,Sports,55,0,31,1,23,89.99
2025-10-20,S001,P006,Running Shoes,Sports,23,20,13,1,29,89.99
2025-10-21,S001,P006,Running Shoes,Sports,29,0,21,0,8,89.99
2025-10-22,S001,P006,Running Shoes,Sports,8,0,8,0,0,89.99
2025-10-23,S001,P006,Running Shoes,Sports,0,20,20,0,0,89.99
2025-10-24,S001,P006,Running Shoes,Sports,0,0,0,0,0,89.99
2025-10-25,S001,P006,Running Shoes,Sports,0,0,0,0,0,89.99
2025-10-26,S001,P006,Running Shoes,Sports,0,60,38,1,21,89.99
2025-10-27,S001,P006,Running Shoes,Sports,21,0,16,0,5,89.99
2025-10-28,S001,P006,Running Shoes,Sports,5,0,5,0,0,89.99
2025-10-29,S001,P006,Running Shoes,Sports,0,0,0,0,0,89.99
2025-10-30,S001,P006,Running Shoes,Sports,0,0,0,0,0,89.99
2025-10-31,S001,P006,Running Shoes,Sports,0,60,30,1,29,89.99
2025-11-01,S001,P006,Running Shoes,Sports,29,0,29,0,0,89.99
2025-11-02,S001,P006,Running Shoes,Sports,0,0,0,0,0,89.99
2025-11-03,S001,P006,Running Shoes,Sports,0,40,8,0,32,89.99
2025-11-04,S001,P006,Running Shoes,Sports,32,0,32,0,0,89.99
2025-11-05,S001,P006,Running Shoes,Sports,0,0,0,0,0,89.99
2025-11-06,S001,P006,Running Shoes,Sports,0,20,20,0,0,89.99
2025-11-07,S001,P006,Running Shoes,Sports,0,0,0,0,0,89.99
2025-11-08,S001,P006,Running Shoes,Sports,0,60,32,0,28,89.99
2025-11-09,S001,P006,Running Shoes,Sports,28,0,28,0,0,89.99
2025-11-10,S001,P006,Running Shoes,Sports,0,20,20,0,0,89.99
2025-11-11,S001,P006,Running Shoes,Sports,0,20,15,0,5,89.99
2025-11-12,S001,P006,Running Shoes,Sports,5,60,31,0,34,89.99
2025-11-13,S001,P006,Running Shoes,Sports,34,0,6,0,28,89.99
2025-11-14,S001,P006,Running Shoes,Sports,28,0,6,0,22,89.99
2025-11-15,S001,P006,Running Shoes,Sports,22,0,16,1,5,89.99
2025-11-16,S001,P006,Running Shoes,Sports,5,0,5,0,0,89.99
2025-11-17,S001,P006,Running Shoes,Sports,0,40,15,1,24,89.99
2025-11-18,S001,P006,Running Shoes,Sports,24,0,24,0,0,89.99
2025-11-19,S001,P006,Running Shoes,Sports,0,0,0,0,0,89.99
2025-11-20,S001,P006,Running Shoes,Sports,0,40,16,1,23,89.99
2025-11-21,S001,P006,Running Shoes,Sports,23,0,23,0,0,89.99
2025-11-22,S001,P006,Running Shoes,Sports,0,0,0,0,0,89.99
2025-11-23,S001,P006,Running Shoes,Sports,0,40,20,0,20,89.99
2025-11-24,S001,P006,Running Shoes,Sports,20,0,20,0,0,89.99
2025-11-25,S001,P006,Running Shoes,Sports,0,0,0,0,0,89.99
2025-11-26,S001,P006,Running Shoes,Sports,0,0,0,0,0,89.99
2025-11-27,S001,P006,Running Shoes,Sports,0,60,20,1,39,89.99
2025-11-28,S001,P006,Running Shoes,Sports,39,0,12,0,27,89.99
2025-11-29,S001,P006,Running Shoes,Sports,27,40,26,0,41,89.99
2025-11-30,S001,P006,Running Shoes,Sports,41,40,32,1,48,89.99
2025-12-01,S001,P006,Running Shoes,Sports,48,60,12,0,96,89.99
2025-12-02,S001,P006,Running Shoes,Sports,96,0,29,1,66,89.99
2025-12-03,S001,P006,Running Shoes,Sports,66,0,30,0,36,89.99
2025-12-04,S001,P006,Running Shoes,Sports,36,40,30,0,46,89.99
2025-12-05,S001,P006,Running Shoes,Sports,46,0,20,0,26,89.99
2025-12-06,S001,P006,Running Shoes,Sports,26,0,26,0,0,89.99
2025-12-07,S001,P006,Running Shoes,Sports,0,40,32,1,7,89.99
2025-12-08,S001,P006,Running Shoes,Sports,7,60,19,0,48,89.99
2025-12-09,S001,P006,Running Shoes,Sports,48,0,23,1,24,89.99
2025-12-10,S001,P006,Running Shoes,Sports,24,0,24,0,0,89.99
2025-12-11,S001,P006,Running Shoes,Sports,0,40,22,0,18,89.99
2025-12-12,S001,P006,Running Shoes,Sports,18,60,24,0,54,89.99
2025-12-13,S001,P006,Running Shoes,Sports,54,0,27,0,27,89.99
2025-12-14,S001,P006,Running Shoes,Sports,27,0,13,0,14,89.99
2025-12-15,S001,P006,Running Shoes,Sports,14,60,28,0,46,89.99
2025-12-16,S001,P006,Running Shoes,Sports,46,20,32,0,34,89.99
2025-12-17,S001,P006,Running Shoes,Sports,34,0,7,0,27,89.99
2025-12-18,S001,P006,Running Shoes,Sports,27,0,12,1,14,89.99
2025-12-19,S001,P006,Running Shoes,Sports,14,20,11,0,23,89.99
2025-12-20,S001,P006,Running Shoes,Sports,23,0,10,0,13,89.99
2025-12-21,S001,P006,Running Shoes,Sports,13,60,36,0,37,89.99
2025-12-22,S001,P006,Running Shoes,Sports,37,0,5,1,31,89.99
2025-12-23,S001,P006,Running Shoes,Sports,31,40,14,1,56,89.99
2025-12-24,S001,P006,Running Shoes,Sports,56,60,6,0,110,89.99
2025-12-25,S001,P006,Running Shoes,Sports,110,0,14,1,95,89.99
2025-12-26,S001,P006,Running Shoes,Sports,95,60,31,0,124,89.99
2025-12-27,S001,P006,Running Shoes,Sports,124,40,21,1,142,89.99
2025-12-28,S001,P006,Running Shoes,Sports,142,0,38,0,104,89.99
2025-12-29,S001,P006,Running Shoes,Sports,104,60,24,0,140,89.99
2025-10-01,S001,P007,Training T-Shirt,Sports,141,0,33,1,107,24.99
2025-10-02,S001,P007,Training T-Shirt,Sports,107,40,16,0,131,24.99
2025-10-03,S001,P007,Training T-Shirt,Sports,131,20,19,0,132,24.99
2025-10-04,S001,P007,Training T-Shirt,Sports,132,0,42,0,90,24.99
2025-10-05,S001,P007,Training T-Shirt,Sports,90,20,11,0,99,24.99
2025-10-06,S001,P007,Training T-Shirt,Sports,99,60,21,0,138,24.99
2025-10-07,S001,P007,Training T-Shirt,Sports,138,40,18,1,159,24.99
2025-10-08,S001,P007,Training T-Shirt,Sports,159,60,22,1,196,24.99
2025-10-09,S001,P007,Training T-Shirt,Sports,196,0,34,0,162,24.99
2025-10-10,S001,P007,Training T-Shirt,Sports,162,0,20,0,142,24.99
2025-10-11,S001,P007,Training T-Shirt,Sports,142,40,22,0,160,24.99
2025-10-12,S001,P007,Training T-Shirt,Sports,160,0,23,0,137,24.99
2025-10-13,S001,P007,Training T-Shirt,Sports,137,0,28,1,108,24.99
2025-10-14,S001,P007,Training T-Shirt,Sports,108,20,31,1,96,24.99
2025-10-15,S001,P007,Training T-Shirt,Sports,96,40,33,0,103,24.99
2025-10-16,S001,P007,Training T-Shirt,Sports,103,0,32,1,70,24.99
2025-10-17,S001,P007,Training T-Shirt,Sports,70,60,28,0,102,24.99
2025-10-18,S001,P007,Training T-Shirt,Sports,102,60,21,1,140,24.99
2025-10-19,S001,P007,Training T-Shirt,Sports,140,0,13,1,126,24.99
2025-10-20,S001,P007,Training T-Shirt,Sports,126,20,31,1,114,24.99
2025-10-21,S001,P007,Training T-Shirt,Sports,114,20,33,0,101,24.99
2025-10-22,S001,P007,Training T-Shirt,Sports,101,60,25,0,136,24.99
2025-10-23,S001,P007,Training T-Shirt,Sports,136,40,18,1,157,24.99
2025-10-24,S001,P007,Training T-Shirt,Sports,157,0,6,0,151,24.99
2025-10-25,S001,P007,Training T-Shirt,Sports,151,0,16,0,135,24.99
2025-10-26,S001,P007,Training T-Shirt,Sports,135,0,8,1,126,24.99
2025-10-27,S001,P007,Training T-Shirt,Sports,126,60,9,0,177,24.99
2025-10-28,S001,P007,Training T-Shirt,Sports,177,60,19,0,218,24.99
2025-10-29,S001,P007,Training T-Shirt,Sports,218,0,13,0,205,24.99
2025-10-30,S001,P007,Training T-Shirt,Sports,205,20,30,0,195,24.99
2025-10-31,S001,P007,Training T-Shirt,Sports,195,40,31,1,203,24.99
2025-11-01,S001,P007,Training T-Shirt,Sports,203,0,27,1,175,24.99
2025-11-02,S001,P007,Training T-Shirt,Sports,175,60,26,1,208,24.99
2025-11-03,S001,P007,Training T-Shirt,Sports,208,0,7,1,200,24.99
2025-11-04,S001,P007,Training T-Shirt,Sports,200,40,28,0,212,24.99
2025-11-05,S001,P007,Training T-Shirt,Sports,212,0,13,1,198,24.99
2025-11-06,S001,P007,Training T-Shirt,Sports,198,60,9,1,248,24.99
2025-11-07,S001,P007,Training T-Shirt,Sports,248,0,13,1,234,24.99
2025-11-08,S001,P007,Training T-Shirt,Sports,234,0,38,1,195,24.99
2025-11-09,S001,P007,Training T-Shirt,Sports,195,40,16,0,219,24.99
2025-11-10,S001,P007,Training T-Shirt,Sports,219,0,6,1,212,24.99
2025-11-11,S001,P007,Training T-Shirt,Sports,212,0,13,0,199,24.99
2025-11-12,S001,P007,Training T-Shirt,Sports,199,0,9,0,190,24.99
2025-11-13,S001,P007,Training T-Shirt,Sports,190,0,6,1,183,24.99
2025-11-14,S001,P007,Training T-Shirt,Sports,183,20,19,1,183,24.99
2025-11-15,S001,P007,Training T-Shirt,Sports,183,0,11,1,171,24.99
2025-11-16,S001,P007,Training T-Shirt,Sports,171,0,27,1,143,24.99
2025-11-17,S001,P007,Training T-Shirt,Sports,143,40,32,1,150,24.99
2025-11-18,S001,P007,Training T-Shirt,Sports,150,40,32,0,158,24.99
2025-11-19,S001,P007,Training T-Shirt,Sports,158,40,21,1,176,24.99
2025-11-20,S001,P007,Training T-Shirt,Sports,176,40,34,0,182,24.99
2025-11-21,S001,P007,Training T-Shirt,Sports,182,0,30,0,152,24.99
2025-11-22,S001,P007,Training T-Shirt,Sports,152,0,15,0,137,24.99
2025-11-23,S001,P007,Training T-Shirt,Sports,137,40,21,0,156,24.99
2025-11-24,S001,P007,Training T-Shirt,Sports,156,60,28,0,188,24.99
2025-11-25,S001,P007,Training T-Shirt,Sports,188,20,5,0,203,24.99
2025-11-26,S001,P007,Training T-Shirt,Sports,203,0,20,0,183,24.99
2025-11-27,S001,P007,Training T-Shirt,Sports,183,40,15,0,208,24.99
2025-11-28,S001,P007,Training T-Shirt,Sports,208,0,25,1,182,24.99
2025-11-29,S001,P007,Training T-Shirt,Sports,182,20,38,1,163,24.99
2025-11-30,S001,P007,Training T-Shirt,Sports,163,20,13,0,170,24.99
2025-12-01,S001,P007,Training T-Shirt,Sports,170,0,17,1,152,24.99
2025-12-02,S001,P007,Training T-Shirt,Sports,152,0,23,0,129,24.99
2025-12-03,S001,P007,Training T-Shirt,Sports,129,0,14,1,114,24.99
2025-12-04,S001,P007,Training T-Shirt,Sports,114,0,25,1,88,24.99
2025-12-05,S001,P007,Training T-Shirt,Sports,88,0,8,1,79,24.99
2025-12-06,S001,P007,Training T-Shirt,Sports,79,60,21,0,118,24.99
2025-12-07,S001,P007,Training T-Shirt,Sports,118,20,13,1,124,24.99
2025-12-08,S001,P007,Training T-Shirt,Sports,124,40,18,0,146,24.99
2025-12-09,S001,P007,Training T-Shirt,Sports,146,0,13,0,133,24.99
2025-12-10,S001,P007,Training T-Shirt,Sports,133,0,32,1,100,24.99
2025-12-11,S001,P007,Training T-Shirt,Sports,100,40,7,1,132,24.99
2025-12-12,S001,P007,Training T-Shirt,Sports,132,60,23,1,168,24.99
2025-12-13,S001,P007,Training T-Shirt,Sports,168,0,16,1,151,24.99
2025-12-14,S001,P007,Training T-Shirt,Sports,151,0,40,1,110,24.99
2025-12-15,S001,P007,Training T-Shirt,Sports,110,60,9,0,161,24.99
2025-12-16,S001,P007,Training T-Shirt,Sports,161,60,8,1,212,24.99
2025-12-17,S001,P007,Training T-Shirt,Sports,212,20,22,1,209,24.99
2025-12-18,S001,P007,Training T-Shirt,Sports,209,0,21,1,187,24.99
2025-12-19,S001,P007,Training T-Shirt,Sports,187,60,21,1,225,24.99
2025-12-20,S001,P007,Training T-Shirt,Sports,225,60,6,1,278,24.99
2025-12-21,S001,P007,Training T-Shirt,Sports,278,0,35,0,243,24.99
2025-12-22,S001,P007,Training T-Shirt,Sports,243,0,22,1,220,24.99
2025-12-23,S001,P007,Training T-Shirt,Sports,220,40,16,1,243,24.99
2025-12-24,S001,P007,Training T-Shirt,Sports,243,0,7,1,235,24.99
2025-12-25,S001,P007,Training T-Shirt,Sports,235,40,16,0,259,24.99
2025-12-26,S001,P007,Training T-Shirt,Sports,259,40,15,0,284,24.99
2025-12-27,S001,P007,Training T-Shirt,Sports,284,60,23,0,321,24.99
2025-12-28,S001,P007,Training T-Shirt,Sports,321,0,18,1,302,24.99
2025-12-29,S001,P007,Training T-Shirt,Sports,302,0,6,1,295,24.99
2025-10-01,S001,P008,Protein Bar,Health,177,40,8,0,209,2.99
2025-10-02,S001,P008,Protein Bar,Health,209,0,17,0,192,2.99
2025-10-03,S001,P008,Protein Bar,Health,192,40,33,0,199,2.99
2025-10-04,S001,P008,Protein Bar,Health,199,20,7,0,212,2.99
2025-10-05,S001,P008,Protein Bar,Health,212,60,30,1,241,2.99
2025-10-06,S001,P008,Protein Bar,Health,241,0,31,0,210,2.99
2025-10-07,S001,P008,Protein Bar,Health,210,0,34,1,175,2.99
2025-10-08,S001,P008,Protein Bar,Health,175,20,33,0,162,2.99
2025-10-09,S001,P008,Protein Bar,Health,162,40,31,1,170,2.99
2025-10-10,S001,P008,Protein Bar,Health,170,60,23,0,207,2.99
2025-10-11,S001,P008,Protein Bar,Health,207,40,8,0,239,2.99
2025-10-12,S001,P008,Protein Bar,Health,239,0,37,1,201,2.99
2025-10-13,S001,P008,Protein Bar,Health,201,60,19,1,241,2.99
2025-10-14,S001,P008,Protein Bar,Health,241,40,7,1,273,2.99
2025-10-15,S001,P008,Protein Bar,Health,273,0,29,1,243,2.99
2025-10-16,S001,P008,Protein Bar,Health,243,20,22,0,241,2.99
2025-10-17,S001,P008,Protein Bar,Health,241,20,20,0,241,2.99
2025-10-18,S001,P008,Protein Bar,Health,241,20,22,0,239,2.99
2025-10-19,S001,P008,Protein Bar,Health,239,0,41,0,198,2.99
2025-10-20,S001,P008,Protein Bar,Health,198,0,18,1,179,2.99
2025-10-21,S001,P008,Protein Bar,Health,179,20,11,0,188,2.99
2025-10-22,S001,P008,Protein Bar,Health,188,40,16,0,212,2.99
2025-10-23,S001,P008,Protein Bar,Health,212,20,30,0,202,2.99
2025-10-24,S001,P008,Protein Bar,Health,202,20,18,0,204,2.99
2025-10-25,S001,P008,Protein Bar,Health,204,0,42,1,161,2.99
2025-10-26,S001,P008,Protein Bar,Health,161,0,42,1,118,2.99
2025-10-27,S001,P008,Protein Bar,Health,118,20,8,0,130,2.99
2025-10-28,S001,P008,Protein Bar,Health,130,60,20,0,170,2.99
2025-10-29,S001,P008,Protein Bar,Health,170,20,26,1,163,2.99
2025-10-30,S001,P008,Protein Bar,Health,163,40,25,1,177,2.99
2025-10-31,S001,P008,Protein Bar,Health,177,0,17,0,160,2.99
2025-11-01,S001,P008,Protein Bar,Health,160,40,27,1,172,2.99
2025-11-02,S001,P008,Protein Bar,Health,172,0,22,0,150,2.99
2025-11-03,S001,P008,Protein Bar,Health,150,60,15,0,195,2.99
2025-11-04,S001,P008,Protein Bar,Health,195,0,5,1,189,2.99
2025-11-05,S001,P008,Protein Bar,Health,189,60,13,1,235,2.99
2025-11-06,S001,P008,Protein Bar,Health,235,0,26,0,209,2.99
2025-11-07,S001,P008,Protein Bar,Health,209,0,21,1,187,2.99
2025-11-08,S001,P008,Protein Bar,Health,187,0,22,1,164,2.99
2025-11-09,S001,P008,Protein Bar,Health,164,60,32,1,191,2.99
2025-11-10,S001,P008,Protein Bar,Health,191,20,5,1,205,2.99
2025-11-11,S001,P008,Protein Bar,Health,205,0,32,0,173,2.99
2025-11-12,S001,P008,Protein Bar,Health,173,0,5,0,168,2.99
2025-11-13,S001,P008,Protein Bar,Health,168,0,17,1,150,2.99
2025-11-14,S001,P008,Protein Bar,Health,150,0,17,1,132,2.99
2025-11-15,S001,P008,Protein Bar,Health,132,0,32,0,100,2.99
2025-11-16,S001,P008,Protein Bar,Health,100,0,12,0,88,2.99
2025-11-17,S001,P008,Protein Bar,Health,88,0,18,1,69,2.99
2025-11-18,S001,P008,Protein Bar,Health,69,0,19,1,49,2.99
2025-11-19,S001,P008,Protein Bar,Health,49,0,27,1,21,2.99
2025-11-20,S001,P008,Protein Bar,Health,21,0,12,0,9,2.99
2025-11-21,S001,P008,Protein Bar,Health,9,40,7,0,42,2.99
2025-11-22,S001,P008,Protein Bar,Health,42,60,16,1,85,2.99
2025-11-23,S001,P008,Protein Bar,Health,85,0,13,0,72,2.99
2025-11-24,S001,P008,Protein Bar,Health,72,0,22,1,49,2.99
2025-11-25,S001,P008,Protein Bar,Health,49,0,32,1,16,2.99
2025-11-26,S001,P008,Protein Bar,Health,16,20,34,0,2,2.99
2025-11-27,S001,P008,Protein Bar,Health,2,0,2,0,0,2.99
2025-11-28,S001,P008,Protein Bar,Health,0,20,20,0,0,2.99
2025-11-29,S001,P008,Protein Bar,Health,0,60,37,1,22,2.99
2025-11-30,S001,P008,Protein Bar,Health,22,0,8,0,14,2.99
2025-12-01,S001,P008,Protein Bar,Health,14,0,14,0,0,2.99
2025-12-02,S001,P008,Protein Bar,Health,0,60,15,1,44,2.99
2025-12-03,S001,P008,Protein Bar,Health,44,60,16,0,88,2.99
2025-12-04,S001,P008,Protein Bar,Health,88,20,17,0,91,2.99
2025-12-05,S001,P008,Protein Bar,Health,91,40,23,1,107,2.99
2025-12-06,S001,P008,Protein Bar,Health,107,0,33,1,73,2.99
2025-12-07,S001,P008,Protein Bar,Health,73,20,21,1,71,2.99
2025-12-08,S001,P008,Protein Bar,Health,71,40,27,0,84,2.99
2025-12-09,S001,P008,Protein Bar,Health,84,0,16,1,67,2.99
2025-12-10,S001,P008,Protein Bar,Health,67,60,22,0,105,2.99
2025-12-11,S001,P008,Protein Bar,Health,105,60,9,1,155,2.99
2025-12-12,S001,P008,Protein Bar,Health,155,0,31,0,124,2.99
2025-12-13,S001,P008,Protein Bar,Health,124,20,17,0,127,2.99
2025-12-14,S001,P008,Protein Bar,Health,127,0,41,0,86,2.99
2025-12-15,S001,P008,Protein Bar,Health,86,60,19,0,127,2.99
2025-12-16,S001,P008,Protein Bar,Health,127,20,21,1,125,2.99
2025-12-17,S001,P008,Protein Bar,Health,125,40,30,0,135,2.99
2025-12-18,S001,P008,Protein Bar,Health,135,20,9,1,145,2.99
2025-12-19,S001,P008,Protein Bar,Health,145,20,16,1,148,2.99
2025-12-20,S001,P008,Protein Bar,Health,148,20,40,1,127,2.99
2025-12-21,S001,P008,Protein Bar,Health,127,0,26,0,101,2.99
2025-12-22,S001,P008,Protein Bar,Health,101,0,8,1,92,2.99
2025-12-23,S001,P008,Protein Bar,Health,92,40,6,1,125,2.99
2025-12-24,S001,P008,Protein Bar,Health,125,20,6,0,139,2.99
2025-12-25,S001,P008,Protein Bar,Health,139,0,8,1,130,2.99
2025-12-26,S001,P008,Protein Bar,Health,130,0,23,0,107,2.99
2025-12-27,S001,P008,Protein Bar,Health,107,0,32,0,75,2.99
2025-12-28,S001,P008,Protein Bar,Health,75,20,8,0,87,2.99
2025-12-29,S001,P008,Protein Bar,Health,87,0,12,0,75,2.99
2025-10-01,S002,P001,Veggie Burger,Food,94,0,7,1,86,5.99
2025-10-02,S002,P001,Veggie Burger,Food,86,20,20,1,85,5.99
2025-10-03,S002,P001,Veggie Burger,Food,85,20,18,1,86,5.99
2025-10-04,S002,P001,Veggie Burger,Food,86,40,11,4,111,5.99
2025-10-05,S002,P001,Veggie Burger,Food,111,0,42,3,66,5.99
2025-10-06,S002,P001,Veggie Burger,Food,66,40,19,0,87,5.99
2025-10-07,S002,P001,Veggie Burger,Food,87,20,6,0,101,5.99
2025-10-08,S002,P001,Veggie Burger,Food,101,0,29,0,72,5.99
2025-10-09,S002,P001,Veggie Burger,Food,72,20,6,2,84,5.99
2025-10-10,S002,P001,Veggie Burger,Food,84,40,9,0,115,5.99
2025-10-11,S002,P001,Veggie Burger,Food,115,20,35,3,97,5.99
2025-10-12,S002,P001,Veggie Burger,Food,97,40,33,2,102,5.99
2025-10-13,S002,P001,Veggie Burger,Food,102,0,7,1,94,5.99
2025-10-14,S002,P001,Veggie Burger,Food,94,40,14,3,117,5.99
2025-10-15,S002,P001,Veggie Burger,Food,117,60,13,0,164,5.99
2025-10-16,S002,P001,Veggie Burger,Food,164,40,24,2,178,5.99
2025-10-17,S002,P001,Veggie Burger,Food,178,20,5,0,193,5.99
2025-10-18,S002,P001,Veggie Burger,Food,193,60,30,3,220,5.99
2025-10-19,S002,P001,Veggie Burger,Food,220,0,18,4,198,5.99
2025-10-20,S002,P001,Veggie Burger,Food,198,40,16,4,218,5.99
2025-10-21,S002,P001,Veggie Burger,Food,218,0,21,3,194,5.99
2025-10-22,S002,P001,Veggie Burger,Food,194,20,19,3,192,5.99
2025-10-23,S002,P001,Veggie Burger,Food,192,0,33,3,156,5.99
2025-10-24,S002,P001,Veggie Burger,Food,156,0,18,1,137,5.99
2025-10-25,S002,P001,Veggie Burger,Food,137,0,11,3,123,5.99
2025-10-26,S002,P001,Veggie Burger,Food,123,0,41,0,82,5.99
2025-10-27,S002,P001,Veggie Burger,Food,82,0,10,4,68,5.99
2025-10-28,S002,P001,Veggie Burger,Food,68,40,31,4,73,5.99
2025-10-29,S002,P001,Veggie Burger,Food,73,0,21,2,50,5.99
2025-10-30,S002,P001,Veggie Burger,Food,50,60,16,1,93,5.99
2025-10-31,S002,P001,Veggie Burger,Food,93,20,25,1,87,5.99
2025-11-01,S002,P001,Veggie Burger,Food,87,0,18,1,68,5.99
2025-11-02,S002,P001,Veggie Burger,Food,68,0,27,4,37,5.99
2025-11-03,S002,P001,Veggie Burger,Food,37,0,11,2,24,5.99
2025-11-04,S002,P001,Veggie Burger,Food,24,0,24,0,0,5.99
2025-11-05,S002,P001,Veggie Burger,Food,0,60,24,4,32,5.99
2025-11-06,S002,P001,Veggie Burger,Food,32,20,20,1,31,5.99
2025-11-07,S002,P001,Veggie Burger,Food,31,0,31,0,0,5.99
2025-11-08,S002,P001,Veggie Burger,Food,0,40,6,4,30,5.99
2025-11-09,S002,P001,Veggie Burger,Food,30,60,11,1,78,5.99
2025-11-10,S002,P001,Veggie Burger,Food,78,0,27,1,50,5.99
2025-11-11,S002,P001,Veggie Burger,Food,50,0,14,1,35,5.99
2025-11-12,S002,P001,Veggie Burger,Food,35,0,21,1,13,5.99
2025-11-13,S002,P001,Veggie Burger,Food,13,0,13,0,0,5.99
2025-11-14,S002,P001,Veggie Burger,Food,0,0,0,0,0,5.99
2025-11-15,S002,P001,Veggie Burger,Food,0,0,0,0,0,5.99
2025-11-16,S002,P001,Veggie Burger,Food,0,60,31,4,25,5.99
2025-11-17,S002,P001,Veggie Burger,Food,25,0,25,0,0,5.99
2025-11-18,S002,P001,Veggie Burger,Food,0,0,0,0,0,5.99
2025-11-19,S002,P001,Veggie Burger,Food,0,0,0,0,0,5.99
2025-11-20,S002,P001,Veggie Burger,Food,0,40,13,4,23,5.99
2025-11-21,S002,P001,Veggie Burger,Food,23,40,13,2,48,5.99
2025-11-22,S002,P001,Veggie Burger,Food,48,20,7,4,57,5.99
2025-11-23,S002,P001,Veggie Burger,Food,57,60,22,3,92,5.99
2025-11-24,S002,P001,Veggie Burger,Food,92,60,23,1,128,5.99
2025-11-25,S002,P001,Veggie Burger,Food,128,0,17,0,111,5.99
2025-11-26,S002,P001,Veggie Burger,Food,111,0,17,2,92,5.99
2025-11-27,S002,P001,Veggie Burger,Food,92,0,28,0,64,5.99
2025-11-28,S002,P001,Veggie Burger,Food,64,40,19,0,85,5.99
2025-11-29,S002,P001,Veggie Burger,Food,85,20,37,4,64,5.99
2025-11-30,S002,P001,Veggie Burger,Food,64,0,40,4,20,5.99
2025-12-01,S002,P001,Veggie Burger,Food,20,0,5,0,15,5.99
2025-12-02,S002,P001,Veggie Burger,Food,15,0,7,3,5,5.99
2025-12-03,S002,P001,Veggie Burger,Food,5,60,30,2,33,5.99
2025-12-04,S002,P001,Veggie Burger,Food,33,0,12,1,20,5.99
2025-12-05,S002,P001,Veggie Burger,Food,20,0,18,0,2,5.99
2025-12-06,S002,P001,Veggie Burger,Food,2,0,2,0,0,5.99
2025-12-07,S002,P001,Veggie Burger,Food,0,0,0,0,0,5.99
2025-12-08,S002,P001,Veggie Burger,Food,0,40,33,1,6,5.99
2025-12-09,S002,P001,Veggie Burger,Food,6,0,6,0,0,5.99
2025-12-10,S002,P001,Veggie Burger,Food,0,0,0,0,0,5.99
2025-12-11,S002,P001,Veggie Burger,Food,0,20,8,2,10,5.99
2025-12-12,S002,P001,Veggie Burger,Food,10,60,18,1,51,5.99
2025-12-13,S002,P001,Veggie Burger,Food,51,20,38,2,31,5.99
2025-12-14,S002,P001,Veggie Burger,Food,31,40,31,2,38,5.99
2025-12-15,S002,P001,Veggie Burger,Food,38,40,32,0,46,5.99
2025-12-16,S002,P001,Veggie Burger,Food,46,20,15,2,49,5.99
2025-12-17,S002,P001,Veggie Burger,Food,49,20,25,4,40,5.99
2025-12-18,S002,P001,Veggie Burger,Food,40,60,23,1,76,5.99
2025-12-19,S002,P001,Veggie Burger,Food,76,60,33,3,100,5.99
2025-12-20,S002,P001,Veggie Burger,Food,100,40,30,2,108,5.99
2025-12-21,S002,P001,Veggie Burger,Food,108,40,23,3,122,5.99
2025-12-22,S002,P001,Veggie Burger,Food,122,0,12,1,109,5.99
2025-12-23,S002,P001,Veggie Burger,Food,109,20,34,1,94,5.99
2025-12-24,S002,P001,Veggie Burger,Food,94,0,21,4,69,5.99
2025-12-25,S002,P001,Veggie Burger,Food,69,20,30,0,59,5.99
2025-12-26,S002,P001,Veggie Burger,Food,59,60,15,3,101,5.99
2025-12-27,S002,P001,Veggie Burger,Food,101,0,13,4,84,5.99
2025-12-28,S002,P001,Veggie Burger,Food,84,0,17,4,63,5.99
2025-12-29,S002,P001,Veggie Burger,Food,63,0,28,3,32,5.99
2025-10-01,S002,P002,Chicken Burger,Food,163,20,26,0,157,6.99
2025-10-02,S002,P002,Chicken Burger,Food,157,20,28,4,145,6.99
2025-10-03,S002,P002,Chicken Burger,Food,145,0,19,2,124,6.99
2025-10-04,S002,P002,Chicken Burger,Food,124,40,33,4,127,6.99
2025-10-05,S002,P002,Chicken Burger,Food,127,60,40,0,147,6.99
2025-10-06,S002,P002,Chicken Burger,Food,147,0,13,1,133,6.99
2025-10-07,S002,P002,Chicken Burger,Food,133,0,29,4,100,6.99
2025-10-08,S002,P002,Chicken Burger,Food,100,0,12,0,88,6.99
2025-10-09,S002,P002,Chicken Burger,Food,88,0,31,4,53,6.99
2025-10-10,S002,P002,Chicken Burger,Food,53,20,22,2,49,6.99
2025-10-11,S002,P002,Chicken Burger,Food,49,20,40,1,28,6.99
2025-10-12,S002,P002,Chicken Burger,Food,28,0,27,1,0,6.99
2025-10-13,S002,P002,Chicken Burger,Food,0,20,14,0,6,6.99
2025-10-14,S002,P002,Chicken Burger,Food,6,0,6,0,0,6.99
2025-10-15,S002,P002,Chicken Burger,Food,0,0,0,0,0,6.99
2025-10-16,S002,P002,Chicken Burger,Food,0,0,0,0,0,6.99
2025-10-17,S002,P002,Chicken Burger,Food,0,0,0,0,0,6.99
2025-10-18,S002,P002,Chicken Burger,Food,0,0,0,0,0,6.99
2025-10-19,S002,P002,Chicken Burger,Food,0,0,0,0,0,6.99
2025-10-20,S002,P002,Chicken Burger,Food,0,40,29,0,11,6.99
2025-10-21,S002,P002,Chicken Burger,Food,11,0,7,4,0,6.99
2025-10-22,S002,P002,Chicken Burger,Food,0,0,0,0,0,6.99
2025-10-23,S002,P002,Chicken Burger,Food,0,60,33,0,27,6.99
2025-10-24,S002,P002,Chicken Burger,Food,27,0,15,3,9,6.99
2025-10-25,S002,P002,Chicken Burger,Food,9,60,28,3,38,6.99
2025-10-26,S002,P002,Chicken Burger,Food,38,0,12,1,25,6.99
2025-10-27,S002,P002,Chicken Burger,Food,25,40,18,3,44,6.99
2025-10-28,S002,P002,Chicken Burger,Food,44,40,5,3,76,6.99
2025-10-29,S002,P002,Chicken Burger,Food,76,0,13,0,63,6.99
2025-10-30,S002,P002,Chicken Burger,Food,63,0,10,0,53,6.99
2025-10-31,S002,P002,Chicken Burger,Food,53,20,17,0,56,6.99
2025-11-01,S002,P002,Chicken Burger,Food,56,20,7,3,66,6.99
2025-11-02,S002,P002,Chicken Burger,Food,66,40,20,2,84,6.99
2025-11-03,S002,P002,Chicken Burger,Food,84,40,12,1,111,6.99
2025-11-04,S002,P002,Chicken Burger,Food,111,0,26,3,82,6.99
2025-11-05,S002,P002,Chicken Burger,Food,82,40,30,2,90,6.99
2025-11-06,S002,P002,Chicken Burger,Food,90,60,10,1,139,6.99
2025-11-07,S002,P002,Chicken Burger,Food,139,20,6,0,153,6.99
2025-11-08,S002,P002,Chicken Burger,Food,153,0,7,3,143,6.99
2025-11-09,S002,P002,Chicken Burger,Food,143,60,20,1,182,6.99
2025-11-10,S002,P002,Chicken Burger,Food,182,20,9,4,189,6.99
2025-11-11,S002,P002,Chicken Burger,Food,189,40,19,0,210,6.99
2025-11-12,S002,P002,Chicken Burger,Food,210,0,34,0,176,6.99
2025-11-13,S002,P002,Chicken Burger,Food,176,20,21,3,172,6.99
2025-11-14,S002,P002,Chicken Burger,Food,172,20,7,4,181,6.99
2025-11-15,S002,P002,Chicken Burger,Food,181,20,28,4,169,6.99
2025-11-16,S002,P002,Chicken Burger,Food,169,20,15,3,171,6.99
2025-11-17,S002,P002,Chicken Burger,Food,171,0,29,4,138,6.99
2025-11-18,S002,P002,Chicken Burger,Food,138,20,10,1,147,6.99
2025-11-19,S002,P002,Chicken Burger,Food,147,0,25,3,119,6.99
2025-11-20,S002,P002,Chicken Burger,Food,119,60,24,1,154,6.99
2025-11-21,S002,P002,Chicken Burger,Food,154,40,18,3,173,6.99
2025-11-22,S002,P002,Chicken Burger,Food,173,0,33,1,139,6.99
2025-11-23,S002,P002,Chicken Burger,Food,139,40,7,0,172,6.99
2025-11-24,S002,P002,Chicken Burger,Food,172,40,6,2,204,6.99
2025-11-25,S002,P002,Chicken Burger,Food,204,0,13,0,191,6.99
2025-11-26,S002,P002,Chicken Burger,Food,191,0,7,3,181,6.99
2025-11-27,S002,P002,Chicken Burger,Food,181,60,27,1,213,6.99
2025-11-28,S002,P002,Chicken Burger,Food,213,20,22,2,209,6.99
2025-11-29,S002,P002,Chicken Burger,Food,209,60,18,3,248,6.99
2025-11-30,S002,P002,Chicken Burger,Food,248,40,30,1,257,6.99
2025-12-01,S002,P002,Chicken Burger,Food,257,20,19,0,258,6.99
2025-12-02,S002,P002,Chicken Burger,Food,258,0,10,1,247,6.99
2025-12-03,S002,P002,Chicken Burger,Food,247,40,7,1,279,6.99
2025-12-04,S002,P002,Chicken Burger,Food,279,60,18,2,319,6.99
2025-12-05,S002,P002,Chicken Burger,Food,319,20,18,0,321,6.99
2025-12-06,S002,P002,Chicken Burger,Food,321,40,8,1,352,6.99
2025-12-07,S002,P002,Chicken Burger,Food,352,0,7,2,343,6.99
2025-12-08,S002,P002,Chicken Burger,Food,343,0,18,3,322,6.99
2025-12-09,S002,P002,Chicken Burger,Food,322,0,14,0,308,6.99
2025-12-10,S002,P002,Chicken Burger,Food,308,0,29,4,275,6.99
2025-12-11,S002,P002,Chicken Burger,Food,275,60,5,3,327,6.99
2025-12-12,S002,P002,Chicken Burger,Food,327,60,5,4,378,6.99
2025-12-13,S002,P002,Chicken Burger,Food,378,20,8,2,388,6.99
2025-12-14,S002,P002,Chicken Burger,Food,388,0,12,0,376,6.99
2025-12-15,S002,P002,Chicken Burger,Food,376,40,25,1,390,6.99
2025-12-16,S002,P002,Chicken Burger,Food,390,40,6,3,421,6.99
2025-12-17,S002,P002,Chicken Burger,Food,421,0,19,3,399,6.99
2025-12-18,S002,P002,Chicken Burger,Food,399,40,32,3,404,6.99
2025-12-19,S002,P002,Chicken Burger,Food,404,20,17,3,404,6.99
2025-12-20,S002,P002,Chicken Burger,Food,404,0,41,3,360,6.99
2025-12-21,S002,P002,Chicken Burger,Food,360,60,41,2,377,6.99
2025-12-22,S002,P002,Chicken Burger,Food,377,60,6,3,428,6.99
2025-12-23,S002,P002,Chicken Burger,Food,428,0,23,4,401,6.99
2025-12-24,S002,P002,Chicken Burger,Food,401,0,6,1,394,6.99
2025-12-25,S002,P002,Chicken Burger,Food,394,0,6,2,386,6.99
2025-12-26,S002,P002,Chicken Burger,Food,386,0,33,0,353,6.99
2025-12-27,S002,P002,Chicken Burger,Food,353,0,16,2,335,6.99
2025-12-28,S002,P002,Chicken Burger,Food,335,40,16,3,356,6.99
2025-12-29,S002,P002,Chicken Burger,Food,356,60,18,2,396,6.99
2025-10-01,S002,P003,French Fries,Food,86,20,5,3,98,3.49
2025-10-02,S002,P003,French Fries,Food,98,20,11,0,107,3.49
2025-10-03,S002,P003,French Fries,Food,107,40,11,3,133,3.49
2025-10-04,S002,P003,French Fries,Food,133,20,41,3,109,3.49
2025-10-05,S002,P003,French Fries,Food,109,20,40,1,88,3.49
2025-10-06,S002,P003,French Fries,Food,88,40,24,4,100,3.49
2025-10-07,S002,P003,French Fries,Food,100,0,11,2,87,3.49
2025-10-08,S002,P003,French Fries,Food,87,20,26,4,77,3.49
2025-10-09,S002,P003,French Fries,Food,77,40,26,4,87,3.49
2025-10-10,S002,P003,French Fries,Food,87,60,27,1,119,3.49
2025-10-11,S002,P003,French Fries,Food,119,60,38,4,137,3.49
2025-10-12,S002,P003,French Fries,Food,137,60,12,4,181,3.49
2025-10-13,S002,P003,French Fries,Food,181,0,27,1,153,3.49
2025-10-14,S002,P003,French Fries,Food,153,40,5,4,184,3.49
2025-10-15,S002,P003,French Fries,Food,184,40,30,1,193,3.49
2025-10-16,S002,P003,French Fries,Food,193,40,25,4,204,3.49
2025-10-17,S002,P003,French Fries,Food,204,0,9,4,191,3.49
2025-10-18,S002,P003,French Fries,Food,191,20,26,2,183,3.49
2025-10-19,S002,P003,French Fries,Food,183,0,40,2,141,3.49
2025-10-20,S002,P003,French Fries,Food,141,40,24,4,153,3.49
2025-10-21,S002,P003,French Fries,Food,153,0,34,3,116,3.49
2025-10-22,S002,P003,French Fries,Food,116,0,24,3,89,3.49
2025-10-23,S002,P003,French Fries,Food,89,0,12,2,75,3.49
2025-10-24,S002,P003,French Fries,Food,75,0,33,3,39,3.49
2025-10-25,S002,P003,French Fries,Food,39,40,12,1,66,3.49
2025-10-26,S002,P003,French Fries,Food,66,40,17,4,85,3.49
2025-10-27,S002,P003,French Fries,Food,85,0,13,0,72,3.49
2025-10-28,S002,P003,French Fries,Food,72,0,13,0,59,3.49
2025-10-29,S002,P003,French Fries,Food,59,0,32,4,23,3.49
2025-10-30,S002,P003,French Fries,Food,23,0,14,1,8,3.49
2025-10-31,S002,P003,French Fries,Food,8,0,8,0,0,3.49
2025-11-01,S002,P003,French Fries,Food,0,20,18,1,1,3.49
2025-11-02,S002,P003,French Fries,Food,1,0,1,0,0,3.49
2025-11-03,S002,P003,French Fries,Food,0,0,0,0,0,3.49
2025-11-04,S002,P003,French Fries,Food,0,0,0,0,0,3.49
2025-11-05,S002,P003,French Fries,Food,0,0,0,0,0,3.49
2025-11-06,S002,P003,French Fries,Food,0,40,12,0,28,3.49
2025-11-07,S002,P003,French Fries,Food,28,0,5,4,19,3.49
2025-11-08,S002,P003,French Fries,Food,19,0,19,0,0,3.49
2025-11-09,S002,P003,French Fries,Food,0,0,0,0,0,3.49
2025-11-10,S002,P003,French Fries,Food,0,40,12,1,27,3.49
2025-11-11,S002,P003,French Fries,Food,27,60,8,2,77,3.49
2025-11-12,S002,P003,French Fries,Food,77,20,19,2,76,3.49
2025-11-13,S002,P003,French Fries,Food,76,0,32,2,42,3.49
2025-11-14,S002,P003,French Fries,Food,42,0,30,4,8,3.49
2025-11-15,S002,P003,French Fries,Food,8,40,42,1,5,3.49
2025-11-16,S002,P003,French Fries,Food,5,60,23,3,39,3.49
2025-11-17,S002,P003,French Fries,Food,39,0,12,0,27,3.49
2025-11-18,S002,P003,French Fries,Food,27,0,6,1,20,3.49
2025-11-19,S002,P003,French Fries,Food,20,0,20,0,0,3.49
2025-11-20,S002,P003,French Fries,Food,0,60,8,0,52,3.49
2025-11-21,S002,P003,French Fries,Food,52,0,29,1,22,3.49
2025-11-22,S002,P003,French Fries,Food,22,60,27,1,54,3.49
2025-11-23,S002,P003,French Fries,Food,54,40,10,3,81,3.49
2025-11-24,S002,P003,French Fries,Food,81,0,12,1,68,3.49
2025-11-25,S002,P003,French Fries,Food,68,60,17,4,107,3.49
2025-11-26,S002,P003,French Fries,Food,107,20,6,2,119,3.49
2025-11-27,S002,P003,French Fries,Food,119,0,19,0,100,3.49
2025-11-28,S002,P003,French Fries,Food,100,0,27,0,73,3.49
2025-11-29,S002,P003,French Fries,Food,73,0,15,2,56,3.49
2025-11-30,S002,P003,French Fries,Food,56,60,40,1,75,3.49
2025-12-01,S002,P003,French Fries,Food,75,0,22,3,50,3.49
2025-12-02,S002,P003,French Fries,Food,50,60,24,4,82,3.49
2025-12-03,S002,P003,French Fries,Food,82,20,23,0,79,3.49
2025-12-04,S002,P003,French Fries,Food,79,40,7,1,111,3.49
2025-12-05,S002,P003,French Fries,Food,111,60,27,0,144,3.49
2025-12-06,S002,P003,French Fries,Food,144,20,16,1,147,3.49
2025-12-07,S002,P003,French Fries,Food,147,40,21,4,162,3.49
2025-12-08,S002,P003,French Fries,Food,162,60,12,3,207,3.49
2025-12-09,S002,P003,French Fries,Food,207,0,26,2,179,3.49
2025-12-10,S002,P003,French Fries,Food,179,0,26,3,150,3.49
2025-12-11,S002,P003,French Fries,Food,150,40,17,1,172,3.49
2025-12-12,S002,P003,French Fries,Food,172,0,33,4,135,3.49
2025-12-13,S002,P003,French Fries,Food,135,20,38,1,116,3.49
2025-12-14,S002,P003,French Fries,Food,116,0,33,3,80,3.49
2025-12-15,S002,P003,French Fries,Food,80,40,26,2,92,3.49
2025-12-16,S002,P003,French Fries,Food,92,40,33,0,99,3.49
2025-12-17,S002,P003,French Fries,Food,99,0,26,2,71,3.49
2025-12-18,S002,P003,French Fries,Food,71,40,34,3,74,3.49
2025-12-19,S002,P003,French Fries,Food,74,0,9,1,64,3.49
2025-12-20,S002,P003,French Fries,Food,64,0,25,0,39,3.49
2025-12-21,S002,P003,French Fries,Food,39,20,11,2,46,3.49
2025-12-22,S002,P003,French Fries,Food,46,0,8,2,36,3.49
2025-12-23,S002,P003,French Fries,Food,36,0,6,2,28,3.49
2025-12-24,S002,P003,French Fries,Food,28,0,14,4,10,3.49
2025-12-25,S002,P003,French Fries,Food,10,60,11,2,57,3.49
2025-12-26,S002,P003,French Fries,Food,57,0,6,0,51,3.49
2025-12-27,S002,P003,French Fries,Food,51,40,16,3,72,3.49
2025-12-28,S002,P003,French Fries,Food,72,20,32,1,59,3.49
2025-12-29,S002,P003,French Fries,Food,59,0,30,3,26,3.49
2025-10-01,S002,P004,Cola 500ml,Beverage,160,60,18,0,202,2.49
2025-10-02,S002,P004,Cola 500ml,Beverage,202,0,25,0,177,2.49
2025-10-03,S002,P004,Cola 500ml,Beverage,177,20,15,2,180,2.49
2025-10-04,S002,P004,Cola 500ml,Beverage,180,60,35,2,203,2.49
2025-10-05,S002,P004,Cola 500ml,Beverage,203,40,37,3,203,2.49
2025-10-06,S002,P004,Cola 500ml,Beverage,203,40,8,3,232,2.49
2025-10-07,S002,P004,Cola 500ml,Beverage,232,0,28,2,202,2.49
2025-10-08,S002,P004,Cola 500ml,Beverage,202,0,9,4,189,2.49
2025-10-09,S002,P004,Cola 500ml,Beverage,189,60,12,4,233,2.49
2025-10-10,S002,P004,Cola 500ml,Beverage,233,0,10,3,220,2.49
2025-10-11,S002,P004,Cola 500ml,Beverage,220,20,36,4,200,2.49
2025-10-12,S002,P004,Cola 500ml,Beverage,200,20,26,3,191,2.49
2025-10-13,S002,P004,Cola 500ml,Beverage,191,40,18,2,211,2.49
2025-10-14,S002,P004,Cola 500ml,Beverage,211,40,20,1,230,2.49
2025-10-15,S002,P004,Cola 500ml,Beverage,230,20,8,1,241,2.49
2025-10-16,S002,P004,Cola 500ml,Beverage,241,60,22,2,277,2.49
2025-10-17,S002,P004,Cola 500ml,Beverage,277,20,32,2,263,2.49
2025-10-18,S002,P004,Cola 500ml,Beverage,263,0,22,2,239,2.49
2025-10-19,S002,P004,Cola 500ml,Beverage,239,60,35,4,260,2.49
2025-10-20,S002,P004,Cola 500ml,Beverage,260,20,34,1,245,2.49
2025-10-21,S002,P004,Cola 500ml,Beverage,245,60,25,3,277,2.49
2025-10-22,S002,P004,Cola 500ml,Beverage,277,0,20,4,253,2.49
2025-10-23,S002,P004,Cola 500ml,Beverage,253,20,34,0,239,2.49
2025-10-24,S002,P004,Cola 500ml,Beverage,239,0,22,3,214,2.49
2025-10-25,S002,P004,Cola 500ml,Beverage,214,0,38,3,173,2.49
2025-10-26,S002,P004,Cola 500ml,Beverage,173,0,23,2,148,2.49
2025-10-27,S002,P004,Cola 500ml,Beverage,148,0,32,4,112,2.49
2025-10-28,S002,P004,Cola 500ml,Beverage,112,0,21,3,88,2.49
2025-10-29,S002,P004,Cola 500ml,Beverage,88,20,20,2,86,2.49
2025-10-30,S002,P004,Cola 500ml,Beverage,86,60,19,3,124,2.49
2025-10-31,S002,P004,Cola 500ml,Beverage,124,0,11,0,113,2.49
2025-11-01,S002,P004,Cola 500ml,Beverage,113,0,25,4,84,2.49
2025-11-02,S002,P004,Cola 500ml,Beverage,84,0,30,4,50,2.49
2025-11-03,S002,P004,Cola 500ml,Beverage,50,0,22,2,26,2.49
2025-11-04,S002,P004,Cola 500ml,Beverage,26,40,15,0,51,2.49
2025-11-05,S002,P004,Cola 500ml,Beverage,51,60,34,4,73,2.49
2025-11-06,S002,P004,Cola 500ml,Beverage,73,60,21,2,110,2.49
2025-11-07,S002,P004,Cola 500ml,Beverage,110,40,23,4,123,2.49
2025-11-08,S002,P004,Cola 500ml,Beverage,123,0,17,2,104,2.49
2025-11-09,S002,P004,Cola 500ml,Beverage,104,60,37,2,125,2.49
2025-11-10,S002,P004,Cola 500ml,Beverage,125,40,33,4,128,2.49
2025-11-11,S002,P004,Cola 500ml,Beverage,128,20,21,4,123,2.49
2025-11-12,S002,P004,Cola 500ml,Beverage,123,0,9,3,111,2.49
2025-11-13,S002,P004,Cola 500ml,Beverage,111,60,30,3,138,2.49
2025-11-14,S002,P004,Cola 500ml,Beverage,138,60,11,1,186,2.49
2025-11-15,S002,P004,Cola 500ml,Beverage,186,0,6,0,180,2.49
2025-11-16,S002,P004,Cola 500ml,Beverage,180,20,12,0,188,2.49
2025-11-17,S002,P004,Cola 500ml,Beverage,188,60,18,3,227,2.49
2025-11-18,S002,P004,Cola 500ml,Beverage,227,20,32,0,215,2.49
2025-11-19,S002,P004,Cola 500ml,Beverage,215,20,28,0,207,2.49
2025-11-20,S002,P004,Cola 500ml,Beverage,207,20,25,3,199,2.49
2025-11-21,S002,P004,Cola 500ml,Beverage,199,0,34,3,162,2.49
2025-11-22,S002,P004,Cola 500ml,Beverage,162,0,33,3,126,2.49
2025-11-23,S002,P004,Cola 500ml,Beverage,126,60,35,1,150,2.49
2025-11-24,S002,P004,Cola 500ml,Beverage,150,60,14,0,196,2.49
2025-11-25,S002,P004,Cola 500ml,Beverage,196,40,10,3,223,2.49
2025-11-26,S002,P004,Cola 500ml,Beverage,223,0,17,3,203,2.49
2025-11-27,S002,P004,Cola 500ml,Beverage,203,0,24,1,178,2.49
2025-11-28,S002,P004,Cola 500ml,Beverage,178,0,15,0,163,2.49
2025-11-29,S002,P004,Cola 500ml,Beverage,163,40,10,1,192,2.49
2025-11-30,S002,P004,Cola 500ml,Beverage,192,0,38,1,153,2.49
2025-12-01,S002,P004,Cola 500ml,Beverage,153,0,24,4,125,2.49
2025-12-02,S002,P004,Cola 500ml,Beverage,125,0,30,3,92,2.49
2025-12-03,S002,P004,Cola 500ml,Beverage,92,60,29,4,119,2.49
2025-12-04,S002,P004,Cola 500ml,Beverage,119,0,25,1,93,2.49
2025-12-05,S002,P004,Cola 500ml,Beverage,93,40,7,1,125,2.49
2025-12-06,S002,P004,Cola 500ml,Beverage,125,40,35,0,130,2.49
2025-12-07,S002,P004,Cola 500ml,Beverage,130,0,28,0,102,2.49
2025-12-08,S002,P004,Cola 500ml,Beverage,102,40,16,0,126,2.49
2025-12-09,S002,P004,Cola 500ml,Beverage,126,40,13,0,153,2.49
2025-12-10,S002,P004,Cola 500ml,Beverage,153,0,25,3,125,2.49
2025-12-11,S002,P004,Cola 500ml,Beverage,125,0,29,0,96,2.49
2025-12-12,S002,P004,Cola 500ml,Beverage,96,0,28,4,64,2.49
2025-12-13,S002,P004,Cola 500ml,Beverage,64,40,7,3,94,2.49
2025-12-14,S002,P004,Cola 500ml,Beverage,94,0,18,0,76,2.49
2025-12-15,S002,P004,Cola 500ml,Beverage,76,60,21,0,115,2.49
2025-12-16,S002,P004,Cola 500ml,Beverage,115,0,10,1,104,2.49
2025-12-17,S002,P004,Cola 500ml,Beverage,104,0,14,4,86,2.49
2025-12-18,S002,P004,Cola 500ml,Beverage,86,40,6,0,120,2.49
2025-12-19,S002,P004,Cola 500ml,Beverage,120,0,14,1,105,2.49
2025-12-20,S002,P004,Cola 500ml,Beverage,105,0,41,3,61,2.49
2025-12-21,S002,P004,Cola 500ml,Beverage,61,60,40,2,79,2.49
2025-12-22,S002,P004,Cola 500ml,Beverage,79,0,7,2,70,2.49
2025-12-23,S002,P004,Cola 500ml,Beverage,70,0,11,4,55,2.49
2025-12-24,S002,P004,Cola 500ml,Beverage,55,20,30,3,42,2.49
2025-12-25,S002,P004,Cola 500ml,Beverage,42,60,24,4,74,2.49
2025-12-26,S002,P004,Cola 500ml,Beverage,74,60,24,3,107,2.49
2025-12-27,S002,P004,Cola 500ml,Beverage,107,60,38,4,125,2.49
2025-12-28,S002,P004,Cola 500ml,Beverage,125,0,15,1,109,2.49
2025-12-29,S002,P004,Cola 500ml,Beverage,109,20,30,0,99,2.49
2025-10-01,S002,P005,Orange Juice,Beverage,142,0,29,2,111,3.99
2025-10-02,S002,P005,Orange Juice,Beverage,111,20,5,1,125,3.99
2025-10-03,S002,P005,Orange Juice,Beverage,125,20,7,3,135,3.99
2025-10-04,S002,P005,Orange Juice,Beverage,135,0,38,1,96,3.99
2025-10-05,S002,P005,Orange Juice,Beverage,96,0,28,4,64,3.99
2025-10-06,S002,P005,Orange Juice,Beverage,64,0,15,3,46,3.99
2025-10-07,S002,P005,Orange Juice,Beverage,46,0,12,3,31,3.99
2025-10-08,S002,P005,Orange Juice,Beverage,31,20,13,3,35,3.99
2025-10-09,S002,P005,Orange Juice,Beverage,35,40,25,0,50,3.99
2025-10-10,S002,P005,Orange Juice,Beverage,50,60,12,1,97,3.99
2025-10-11,S002,P005,Orange Juice,Beverage,97,0,40,3,54,3.99
2025-10-12,S002,P005,Orange Juice,Beverage,54,60,20,1,93,3.99
2025-10-13,S002,P005,Orange Juice,Beverage,93,0,17,2,74,3.99
2025-10-14,S002,P005,Orange Juice,Beverage,74,0,22,2,50,3.99
2025-10-15,S002,P005,Orange Juice,Beverage,50,60,5,3,102,3.99
2025-10-16,S002,P005,Orange Juice,Beverage,102,0,27,4,71,3.99
2025-10-17,S002,P005,Orange Juice,Beverage,71,20,20,2,69,3.99
2025-10-18,S002,P005,Orange Juice,Beverage,69,40,10,2,97,3.99
2025-10-19,S002,P005,Orange Juice,Beverage,97,0,20,2,75,3.99
2025-10-20,S002,P005,Orange Juice,Beverage,75,60,27,0,108,3.99
2025-10-21,S002,P005,Orange Juice,Beverage,108,40,27,4,117,3.99
2025-10-22,S002,P005,Orange Juice,Beverage,117,40,34,4,119,3.99
2025-10-23,S002,P005,Orange Juice,Beverage,119,0,8,3,108,3.99
2025-10-24,S002,P005,Orange Juice,Beverage,108,60,30,2,136,3.99
2025-10-25,S002,P005,Orange Juice,Beverage,136,0,11,0,125,3.99
2025-10-26,S002,P005,Orange Juice,Beverage,125,0,6,3,116,3.99
2025-10-27,S002,P005,Orange Juice,Beverage,116,0,24,1,91,3.99
2025-10-28,S002,P005,Orange Juice,Beverage,91,0,34,4,53,3.99
2025-10-29,S002,P005,Orange Juice,Beverage,53,0,33,3,17,3.99
2025-10-30,S002,P005,Orange Juice,Beverage,17,40,13,3,41,3.99
2025-10-31,S002,P005,Orange Juice,Beverage,41,60,22,2,77,3.99
2025-11-01,S002,P005,Orange Juice,Beverage,77,20,20,0,77,3.99
2025-11-02,S002,P005,Orange Juice,Beverage,77,0,7,3,67,3.99
2025-11-03,S002,P005,Orange Juice,Beverage,67,20,13,4,70,3.99
2025-11-04,S002,P005,Orange Juice,Beverage,70,0,26,2,42,3.99
2025-11-05,S002,P005,Orange Juice,Beverage,42,20,32,1,29,3.99
2025-11-06,S002,P005,Orange Juice,Beverage,29,40,32,1,36,3.99
2025-11-07,S002,P005,Orange Juice,Beverage,36,60,5,4,87,3.99
2025-11-08,S002,P005,Orange Juice,Beverage,87,0,30,1,56,3.99
2025-11-09,S002,P005,Orange Juice,Beverage,56,0,28,1,27,3.99
2025-11-10,S002,P005,Orange Juice,Beverage,27,0,15,0,12,3.99
2025-11-11,S002,P005,Orange Juice,Beverage,12,60,21,4,47,3.99
2025-11-12,S002,P005,Orange Juice,Beverage,47,20,15,2,50,3.99
2025-11-13,S002,P005,Orange Juice,Beverage,50,0,5,3,42,3.99
2025-11-14,S002,P005,Orange Juice,Beverage,42,40,20,1,61,3.99
2025-11-15,S002,P005,Orange Juice,Beverage,61,0,8,3,50,3.99
2025-11-16,S002,P005,Orange Juice,Beverage,50,60,16,3,91,3.99
2025-11-17,S002,P005,Orange Juice,Beverage,91,20,5,2,104,3.99
2025-11-18,S002,P005,Orange Juice,Beverage,104,20,30,0,94,3.99
2025-11-19,S002,P005,Orange Juice,Beverage,94,60,19,4,131,3.99
2025-11-20,S002,P005,Orange Juice,Beverage,131,0,29,4,98,3.99
2025-11-21,S002,P005,Orange Juice,Beverage,98,40,18,3,117,3.99
2025-11-22,S002,P005,Orange Juice,Beverage,117,60,10,3,164,3.99
2025-11-23,S002,P005,Orange Juice,Beverage,164,0,13,0,151,3.99
2025-11-24,S002,P005,Orange Juice,Beverage,151,0,32,4,115,3.99
2025-11-25,S002,P005,Orange Juice,Beverage,115,0,23,0,92,3.99
2025-11-26,S002,P005,Orange Juice,Beverage,92,60,31,2,119,3.99
2025-11-27,S002,P005,Orange Juice,Beverage,119,0,31,1,87,3.99
2025-11-28,S002,P005,Orange Juice,Beverage,87,60,10,3,134,3.99
2025-11-29,S002,P005,Orange Juice,Beverage,134,40,15,2,157,3.99
2025-11-30,S002,P005,Orange Juice,Beverage,157,0,42,2,113,3.99
2025-12-01,S002,P005,Orange Juice,Beverage,113,20,21,0,112,3.99
2025-12-02,S002,P005,Orange Juice,Beverage,112,60,30,0,142,3.99
2025-12-03,S002,P005,Orange Juice,Beverage,142,0,18,2,122,3.99
2025-12-04,S002,P005,Orange Juice,Beverage,122,0,14,2,106,3.99
2025-12-05,S002,P005,Orange Juice,Beverage,106,0,32,3,71,3.99
2025-12-06,S002,P005,Orange Juice,Beverage,71,40,13,0,98,3.99
2025-12-07,S002,P005,Orange Juice,Beverage,98,0,40,0,58,3.99
2025-12-08,S002,P005,Orange Juice,Beverage,58,20,23,3,52,3.99
2025-12-09,S002,P005,Orange Juice,Beverage,52,60,28,4,80,3.99
2025-12-10,S002,P005,Orange Juice,Beverage,80,40,8,0,112,3.99
2025-12-11,S002,P005,Orange Juice,Beverage,112,60,13,0,159,3.99
2025-12-12,S002,P005,Orange Juice,Beverage,159,20,29,2,148,3.99
2025-12-13,S002,P005,Orange Juice,Beverage,148,40,8,0,180,3.99
2025-12-14,S002,P005,Orange Juice,Beverage,180,0,22,0,158,3.99
2025-12-15,S002,P005,Orange Juice,Beverage,158,20,31,3,144,3.99
2025-12-16,S002,P005,Orange Juice,Beverage,144,20,12,1,151,3.99
2025-12-17,S002,P005,Orange Juice,Beverage,151,0,33,0,118,3.99
2025-12-18,S002,P005,Orange Juice,Beverage,118,40,34,0,124,3.99
2025-12-19,S002,P005,Orange Juice,Beverage,124,60,16,2,166,3.99
2025-12-20,S002,P005,Orange Juice,Beverage,166,0,22,1,143,3.99
2025-12-21,S002,P005,Orange Juice,Beverage,143,40,31,4,148,3.99
2025-12-22,S002,P005,Orange Juice,Beverage,148,20,9,2,157,3.99
2025-12-23,S002,P005,Orange Juice,Beverage,157,20,5,4,168,3.99
2025-12-24,S002,P005,Orange Juice,Beverage,168,40,13,4,191,3.99
2025-12-25,S002,P005,Orange Juice,Beverage,191,0,8,2,181,3.99
2025-12-26,S002,P005,Orange Juice,Beverage,181,0,6,0,175,3.99
2025-12-27,S002,P005,Orange Juice,Beverage,175,40,33,3,179,3.99
2025-12-28,S002,P005,Orange Juice,Beverage,179,60,20,0,219,3.99
2025-12-29,S002,P005,Orange Juice,Beverage,219,0,30,3,186,3.99
2025-10-01,S002,P006,Running Shoes,Sports,172,60,12,0,220,89.99
2025-10-02,S002,P006,Running Shoes,Sports,220,0,10,1,209,89.99
2025-10-03,S002,P006,Running Shoes,Sports,209,0,33,0,176,89.99
2025-10-04,S002,P006,Running Shoes,Sports,176,20,33,0,163,89.99
2025-10-05,S002,P006,Running Shoes,Sports,163,20,40,1,142,89.99
2025-10-06,S002,P006,Running Shoes,Sports,142,60,16,0,186,89.99
2025-10-07,S002,P006,Running Shoes,Sports,186,0,26,1,159,89.99
2025-10-08,S002,P006,Running Shoes,Sports,159,0,28,1,130,89.99
2025-10-09,S002,P006,Running Shoes,Sports,130,0,27,0,103,89.99
2025-10-10,S002,P006,Running Shoes,Sports,103,0,12,0,91,89.99
2025-10-11,S002,P006,Running Shoes,Sports,91,60,12,1,138,89.99
2025-10-12,S002,P006,Running Shoes,Sports,138,0,27,0,111,89.99
2025-10-13,S002,P006,Running Shoes,Sports,111,40,16,1,134,89.99
2025-10-14,S002,P006,Running Shoes,Sports,134,0,31,1,102,89.99
2025-10-15,S002,P006,Running Shoes,Sports,102,0,32,1,69,89.99
2025-10-16,S002,P006,Running Shoes,Sports,69,0,29,0,40,89.99
2025-10-17,S002,P006,Running Shoes,Sports,40,40,21,0,59,89.99
2025-10-18,S002,P006,Running Shoes,Sports,59,60,8,1,110,89.99
2025-10-19,S002,P006,Running Shoes,Sports,110,40,30,1,119,89.99
2025-10-20,S002,P006,Running Shoes,Sports,119,0,17,0,102,89.99
2025-10-21,S002,P006,Running Shoes,Sports,102,60,21,1,140,89.99
2025-10-22,S002,P006,Running Shoes,Sports,140,0,34,1,105,89.99
2025-10-23,S002,P006,Running Shoes,Sports,105,0,24,1,80,89.99
2025-10-24,S002,P006,Running Shoes,Sports,80,0,30,0,50,89.99
2025-10-25,S002,P006,Running Shoes,Sports,50,40,31,0,59,89.99
2025-10-26,S002,P006,Running Shoes,Sports,59,60,17,0,102,89.99
2025-10-27,S002,P006,Running Shoes,Sports,102,60,34,0,128,89.99
2025-10-28,S002,P006,Running Shoes,Sports,128,0,28,0,100,89.99
2025-10-29,S002,P006,Running Shoes,Sports,100,0,13,0,87,89.99
2025-10-30,S002,P006,Running Shoes,Sports,87,40,23,0,104,89.99
2025-10-31,S002,P006,Running Shoes,Sports,104,0,11,0,93,89.99
2025-11-01,S002,P006,Running Shoes,Sports,93,0,22,0,71,89.99
2025-11-02,S002,P006,Running Shoes,Sports,71,0,21,0,50,89.99
2025-11-03,S002,P006,Running Shoes,Sports,50,60,17,0,93,89.99
2025-11-04,S002,P006,Running Shoes,Sports,93,20,23,1,89,89.99
2025-11-05,S002,P006,Running Shoes,Sports,89,40,25,0,104,89.99
2025-11-06,S002,P006,Running Shoes,Sports,104,20,33,1,90,89.99
2025-11-07,S002,P006,Running Shoes,Sports,90,0,17,1,72,89.99
2025-11-08,S002,P006,Running Shoes,Sports,72,20,37,0,55,89.99
2025-11-09,S002,P006,Running Shoes,Sports,55,0,38,1,16,89.99
2025-11-10,S002,P006,Running Shoes,Sports,16,60,17,0,59,89.99
2025-11-11,S002,P006,Running Shoes,Sports,59,0,19,1,39,89.99
2025-11-12,S002,P006,Running Shoes,Sports,39,0,22,1,16,89.99
2025-11-13,S002,P006,Running Shoes,Sports,16,20,34,0,2,89.99
2025-11-14,S002,P006,Running Shoes,Sports,2,20,22,0,0,89.99
2025-11-15,S002,P006,Running Shoes,Sports,0,0,0,0,0,89.99
2025-11-16,S002,P006,Running Shoes,Sports,0,20,20,0,0,89.99
2025-11-17,S002,P006,Running Shoes,Sports,0,20,20,0,0,89.99
2025-11-18,S002,P006,Running Shoes,Sports,0,0,0,0,0,89.99
2025-11-19,S002,P006,Running Shoes,Sports,0,40,13,1,26,89.99
2025-11-20,S002,P006,Running Shoes,Sports,26,0,23,0,3,89.99
2025-11-21,S002,P006,Running Shoes,Sports,3,40,14,1,28,89.99
2025-11-22,S002,P006,Running Shoes,Sports,28,0,28,0,0,89.99
2025-11-23,S002,P006,Running Shoes,Sports,0,0,0,0,0,89.99
2025-11-24,S002,P006,Running Shoes,Sports,0,20,7,1,12,89.99
2025-11-25,S002,P006,Running Shoes,Sports,12,60,31,0,41,89.99
2025-11-26,S002,P006,Running Shoes,Sports,41,0,33,1,7,89.99
2025-11-27,S002,P006,Running Shoes,Sports,7,0,7,0,0,89.99
2025-11-28,S002,P006,Running Shoes,Sports,0,0,0,0,0,89.99
2025-11-29,S002,P006,Running Shoes,Sports,0,60,20,0,40,89.99
2025-11-30,S002,P006,Running Shoes,Sports,40,0,6,0,34,89.99
2025-12-01,S002,P006,Running Shoes,Sports,34,40,19,1,54,89.99
2025-12-02,S002,P006,Running Shoes,Sports,54,40,25,1,68,89.99
2025-12-03,S002,P006,Running Shoes,Sports,68,0,29,0,39,89.99
2025-12-04,S002,P006,Running Shoes,Sports,39,0,10,1,28,89.99
2025-12-05,S002,P006,Running Shoes,Sports,28,40,26,0,42,89.99
2025-12-06,S002,P006,Running Shoes,Sports,42,0,10,0,32,89.99
2025-12-07,S002,P006,Running Shoes,Sports,32,40,33,0,39,89.99
2025-12-08,S002,P006,Running Shoes,Sports,39,40,10,1,68,89.99
2025-12-09,S002,P006,Running Shoes,Sports,68,60,32,1,95,89.99
2025-12-10,S002,P006,Running Shoes,Sports,95,0,7,0,88,89.99
2025-12-11,S002,P006,Running Shoes,Sports,88,20,16,0,92,89.99
2025-12-12,S002,P006,Running Shoes,Sports,92,0,27,1,64,89.99
2025-12-13,S002,P006,Running Shoes,Sports,64,0,25,1,38,89.99
2025-12-14,S002,P006,Running Shoes,Sports,38,0,38,0,0,89.99
2025-12-15,S002,P006,Running Shoes,Sports,0,60,8,1,51,89.99
2025-12-16,S002,P006,Running Shoes,Sports,51,0,28,0,23,89.99
2025-12-17,S002,P006,Running Shoes,Sports,23,0,23,0,0,89.99
2025-12-18,S002,P006,Running Shoes,Sports,0,40,11,1,28,89.99
2025-12-19,S002,P006,Running Shoes,Sports,28,40,28,0,40,89.99
2025-12-20,S002,P006,Running Shoes,Sports,40,0,23,1,16,89.99
2025-12-21,S002,P006,Running Shoes,Sports,16,0,16,0,0,89.99
2025-12-22,S002,P006,Running Shoes,Sports,0,20,20,0,0,89.99
2025-12-23,S002,P006,Running Shoes,Sports,0,0,0,0,0,89.99
2025-12-24,S002,P006,Running Shoes,Sports,0,0,0,0,0,89.99
2025-12-25,S002,P006,Running Shoes,Sports,0,0,0,0,0,89.99
2025-12-26,S002,P006,Running Shoes,Sports,0,40,12,1,27,89.99
2025-12-27,S002,P006,Running Shoes,Sports,27,20,35,1,11,89.99
2025-12-28,S002,P006,Running Shoes,Sports,11,60,6,0,65,89.99
2025-12-29,S002,P006,Running Shoes,Sports,65,20,21,0,64,89.99
2025-10-01,S002,P007,Training T-Shirt,Sports,129,40,34,1,134,24.99
2025-10-02,S002,P007,Training T-Shirt,Sports,134,0,7,0,127,24.99
2025-10-03,S002,P007,Training T-Shirt,Sports,127,40,8,1,158,24.99
2025-10-04,S002,P007,Training T-Shirt,Sports,158,0,22,1,135,24.99
2025-10-05,S002,P007,Training T-Shirt,Sports,135,0,38,1,96,24.99
2025-10-06,S002,P007,Training T-Shirt,Sports,96,0,22,1,73,24.99
2025-10-07,S002,P007,Training T-Shirt,Sports,73,0,33,0,40,24.99
2025-10-08,S002,P007,Training T-Shirt,Sports,40,40,34,1,45,24.99
2025-10-09,S002,P007,Training T-Shirt,Sports,45,40,30,0,55,24.99
2025-10-10,S002,P007,Training T-Shirt,Sports,55,40,14,1,80,24.99
2025-10-11,S002,P007,Training T-Shirt,Sports,80,40,8,0,112,24.99
2025-10-12,S002,P007,Training T-Shirt,Sports,112,60,10,1,161,24.99
2025-10-13,S002,P007,Training T-Shirt,Sports,161,20,13,0,168,24.99
2025-10-14,S002,P007,Training T-Shirt,Sports,168,40,17,0,191,24.99
2025-10-15,S002,P007,Training T-Shirt,Sports,191,60,24,0,227,24.99
2025-10-16,S002,P007,Training T-Shirt,Sports,227,40,20,1,246,24.99
2025-10-17,S002,P007,Training T-Shirt,Sports,246,20,9,0,257,24.99
2025-10-18,S002,P007,Training T-Shirt,Sports,257,0,26,0,231,24.99
2025-10-19,S002,P007,Training T-Shirt,Sports,231,0,21,1,209,24.99
2025-10-20,S002,P007,Training T-Shirt,Sports,209,40,31,0,218,24.99
2025-10-21,S002,P007,Training T-Shirt,Sports,218,0,7,1,210,24.99
2025-10-22,S002,P007,Training T-Shirt,Sports,210,0,17,0,193,24.99
2025-10-23,S002,P007,Training T-Shirt,Sports,193,0,21,0,172,24.99
2025-10-24,S002,P007,Training T-Shirt,Sports,172,60,16,0,216,24.99
2025-10-25,S002,P007,Training T-Shirt,Sports,216,20,18,0,218,24.99
2025-10-26,S002,P007,Training T-Shirt,Sports,218,20,28,0,210,24.99
2025-10-27,S002,P007,Training T-Shirt,Sports,210,20,28,0,202,24.99
2025-10-28,S002,P007,Training T-Shirt,Sports,202,0,17,0,185,24.99
2025-10-29,S002,P007,Training T-Shirt,Sports,185,0,15,1,169,24.99
2025-10-30,S002,P007,Training T-Shirt,Sports,169,0,33,0,136,24.99
2025-10-31,S002,P007,Training T-Shirt,Sports,136,0,32,1,103,24.99
2025-11-01,S002,P007,Training T-Shirt,Sports,103,60,36,1,126,24.99
2025-11-02,S002,P007,Training T-Shirt,Sports,126,0,28,0,98,24.99
2025-11-03,S002,P007,Training T-Shirt,Sports,98,40,12,1,125,24.99
2025-11-04,S002,P007,Training T-Shirt,Sports,125,40,21,0,144,24.99
2025-11-05,S002,P007,Training T-Shirt,Sports,144,20,26,0,138,24.99
2025-11-06,S002,P007,Training T-Shirt,Sports,138,0,25,1,112,24.99
2025-11-07,S002,P007,Training T-Shirt,Sports,112,0,26,0,86,24.99
2025-11-08,S002,P007,Training T-Shirt,Sports,86,20,32,0,74,24.99
2025-11-09,S002,P007,Training T-Shirt,Sports,74,60,18,0,116,24.99
2025-11-10,S002,P007,Training T-Shirt,Sports,116,20,9,0,127,24.99
2025-11-11,S002,P007,Training T-Shirt,Sports,127,20,13,1,133,24.99
2025-11-12,S002,P007,Training T-Shirt,Sports,133,0,16,1,116,24.99
2025-11-13,S002,P007,Training T-Shirt,Sports,116,0,23,0,93,24.99
2025-11-14,S002,P007,Training T-Shirt,Sports,93,0,20,1,72,24.99
2025-11-15,S002,P007,Training T-Shirt,Sports,72,20,30,1,61,24.99
2025-11-16,S002,P007,Training T-Shirt,Sports,61,60,33,1,87,24.99
2025-11-17,S002,P007,Training T-Shirt,Sports,87,20,10,0,97,24.99
2025-11-18,S002,P007,Training T-Shirt,Sports,97,0,34,1,62,24.99
2025-11-19,S002,P007,Training T-Shirt,Sports,62,0,15,1,46,24.99
2025-11-20,S002,P007,Training T-Shirt,Sports,46,0,23,1,22,24.99
2025-11-21,S002,P007,Training T-Shirt,Sports,22,0,22,0,0,24.99
2025-11-22,S002,P007,Training T-Shirt,Sports,0,60,38,1,21,24.99
2025-11-23,S002,P007,Training T-Shirt,Sports,21,20,28,0,13,24.99
2025-11-24,S002,P007,Training T-Shirt,Sports,13,20,11,0,22,24.99
2025-11-25,S002,P007,Training T-Shirt,Sports,22,0,20,0,2,24.99
2025-11-26,S002,P007,Training T-Shirt,Sports,2,0,2,0,0,24.99
2025-11-27,S002,P007,Training T-Shirt,Sports,0,40,21,0,19,24.99
2025-11-28,S002,P007,Training T-Shirt,Sports,19,0,5,1,13,24.99
2025-11-29,S002,P007,Training T-Shirt,Sports,13,0,12,0,1,24.99
2025-11-30,S002,P007,Training T-Shirt,Sports,1,0,1,0,0,24.99
2025-12-01,S002,P007,Training T-Shirt,Sports,0,60,33,0,27,24.99
2025-12-02,S002,P007,Training T-Shirt,Sports,27,0,26,0,1,24.99
2025-12-03,S002,P007,Training T-Shirt,Sports,1,60,15,0,46,24.99
2025-12-04,S002,P007,Training T-Shirt,Sports,46,60,14,1,91,24.99
2025-12-05,S002,P007,Training T-Shirt,Sports,91,60,25,1,125,24.99
2025-12-06,S002,P007,Training T-Shirt,Sports,125,20,7,0,138,24.99
2025-12-07,S002,P007,Training T-Shirt,Sports,138,0,35,1,102,24.99
2025-12-08,S002,P007,Training T-Shirt,Sports,102,0,34,0,68,24.99
2025-12-09,S002,P007,Training T-Shirt,Sports,68,0,23,1,44,24.99
2025-12-10,S002,P007,Training T-Shirt,Sports,44,0,21,1,22,24.99
2025-12-11,S002,P007,Training T-Shirt,Sports,22,60,11,0,71,24.99
2025-12-12,S002,P007,Training T-Shirt,Sports,71,0,8,0,63,24.99
2025-12-13,S002,P007,Training T-Shirt,Sports,63,40,6,0,97,24.99
2025-12-14,S002,P007,Training T-Shirt,Sports,97,40,21,1,115,24.99
2025-12-15,S002,P007,Training T-Shirt,Sports,115,40,32,1,122,24.99
2025-12-16,S002,P007,Training T-Shirt,Sports,122,0,5,1,116,24.99
2025-12-17,S002,P007,Training T-Shirt,Sports,116,0,6,0,110,24.99
2025-12-18,S002,P007,Training T-Shirt,Sports,110,0,6,1,103,24.99
2025-12-19,S002,P007,Training T-Shirt,Sports,103,60,8,1,154,24.99
2025-12-20,S002,P007,Training T-Shirt,Sports,154,60,18,0,196,24.99
2025-12-21,S002,P007,Training T-Shirt,Sports,196,0,22,1,173,24.99
2025-12-22,S002,P007,Training T-Shirt,Sports,173,40,17,1,195,24.99
2025-12-23,S002,P007,Training T-Shirt,Sports,195,0,17,0,178,24.99
2025-12-24,S002,P007,Training T-Shirt,Sports,178,0,31,1,146,24.99
2025-12-25,S002,P007,Training T-Shirt,Sports,146,0,12,0,134,24.99
2025-12-26,S002,P007,Training T-Shirt,Sports,134,0,14,1,119,24.99
2025-12-27,S002,P007,Training T-Shirt,Sports,119,60,40,1,138,24.99
2025-12-28,S002,P007,Training T-Shirt,Sports,138,0,37,0,101,24.99
2025-12-29,S002,P007,Training T-Shirt,Sports,101,20,6,0,115,24.99
2025-10-01,S002,P008,Protein Bar,Health,146,60,28,1,177,2.99
2025-10-02,S002,P008,Protein Bar,Health,177,0,26,0,151,2.99
2025-10-03,S002,P008,Protein Bar,Health,151,40,11,0,180,2.99
2025-10-04,S002,P008,Protein Bar,Health,180,0,16,1,163,2.99
2025-10-05,S002,P008,Protein Bar,Health,163,40,21,0,182,2.99
2025-10-06,S002,P008,Protein Bar,Health,182,0,25,0,157,2.99
2025-10-07,S002,P008,Protein Bar,Health,157,0,29,1,127,2.99
2025-10-08,S002,P008,Protein Bar,Health,127,0,27,0,100,2.99
2025-10-09,S002,P008,Protein Bar,Health,100,60,14,1,145,2.99
2025-10-10,S002,P008,Protein Bar,Health,145,20,12,1,152,2.99
2025-10-11,S002,P008,Protein Bar,Health,152,20,30,1,141,2.99
2025-10-12,S002,P008,Protein Bar,Health,141,0,22,1,118,2.99
2025-10-13,S002,P008,Protein Bar,Health,118,20,18,1,119,2.99
2025-10-14,S002,P008,Protein Bar,Health,119,40,28,0,131,2.99
2025-10-15,S002,P008,Protein Bar,Health,131,60,34,0,157,2.99
2025-10-16,S002,P008,Protein Bar,Health,157,20,17,0,160,2.99
2025-10-17,S002,P008,Protein Bar,Health,160,0,16,0,144,2.99
2025-10-18,S002,P008,Protein Bar,Health,144,60,7,1,196,2.99
2025-10-19,S002,P008,Protein Bar,Health,196,0,18,0,178,2.99
2025-10-20,S002,P008,Protein Bar,Health,178,20,21,0,177,2.99
2025-10-21,S002,P008,Protein Bar,Health,177,0,21,1,155,2.99
2025-10-22,S002,P008,Protein Bar,Health,155,40,30,1,164,2.99
2025-10-23,S002,P008,Protein Bar,Health,164,60,10,0,214,2.99
2025-10-24,S002,P008,Protein Bar,Health,214,0,12,0,202,2.99
2025-10-25,S002,P008,Protein Bar,Health,202,60,11,1,250,2.99
2025-10-26,S002,P008,Protein Bar,Health,250,0,41,1,208,2.99
2025-10-27,S002,P008,Protein Bar,Health,208,0,29,0,179,2.99
2025-10-28,S002,P008,Protein Bar,Health,179,0,23,0,156,2.99
2025-10-29,S002,P008,Protein Bar,Health,156,0,6,1,149,2.99
2025-10-30,S002,P008,Protein Bar,Health,149,20,8,1,160,2.99
2025-10-31,S002,P008,Protein Bar,Health,160,0,17,0,143,2.99
2025-11-01,S002,P008,Protein Bar,Health,143,0,12,1,130,2.99
2025-11-02,S002,P008,Protein Bar,Health,130,20,28,0,122,2.99
2025-11-03,S002,P008,Protein Bar,Health,122,0,30,0,92,2.99
2025-11-04,S002,P008,Protein Bar,Health,92,0,33,0,59,2.99
2025-11-05,S002,P008,Protein Bar,Health,59,20,31,0,48,2.99
2025-11-06,S002,P008,Protein Bar,Health,48,0,19,0,29,2.99
2025-11-07,S002,P008,Protein Bar,Health,29,40,25,0,44,2.99
2025-11-08,S002,P008,Protein Bar,Health,44,40,11,0,73,2.99
2025-11-09,S002,P008,Protein Bar,Health,73,20,18,0,75,2.99
2025-11-10,S002,P008,Protein Bar,Health,75,20,19,0,76,2.99
2025-11-11,S002,P008,Protein Bar,Health,76,60,13,0,123,2.99
2025-11-12,S002,P008,Protein Bar,Health,123,20,23,0,120,2.99
2025-11-13,S002,P008,Protein Bar,Health,120,20,9,1,130,2.99
2025-11-14,S002,P008,Protein Bar,Health,130,0,9,1,120,2.99
2025-11-15,S002,P008,Protein Bar,Health,120,20,16,0,124,2.99
2025-11-16,S002,P008,Protein Bar,Health,124,0,22,0,102,2.99
2025-11-17,S002,P008,Protein Bar,Health,102,20,13,1,108,2.99
2025-11-18,S002,P008,Protein Bar,Health,108,0,17,1,90,2.99
2025-11-19,S002,P008,Protein Bar,Health,90,40,17,1,112,2.99
2025-11-20,S002,P008,Protein Bar,Health,112,0,20,0,92,2.99
2025-11-21,S002,P008,Protein Bar,Health,92,0,10,0,82,2.99
2025-11-22,S002,P008,Protein Bar,Health,82,60,35,1,106,2.99
2025-11-23,S002,P008,Protein Bar,Health,106,0,10,0,96,2.99
2025-11-24,S002,P008,Protein Bar,Health,96,40,17,1,118,2.99
2025-11-25,S002,P008,Protein Bar,Health,118,0,28,1,89,2.99
2025-11-26,S002,P008,Protein Bar,Health,89,20,22,0,87,2.99
2025-11-27,S002,P008,Protein Bar,Health,87,20,10,1,96,2.99
2025-11-28,S002,P008,Protein Bar,Health,96,20,25,1,90,2.99
2025-11-29,S002,P008,Protein Bar,Health,90,60,32,0,118,2.99
2025-11-30,S002,P008,Protein Bar,Health,118,20,31,1,106,2.99
2025-12-01,S002,P008,Protein Bar,Health,106,0,7,0,99,2.99
2025-12-02,S002,P008,Protein Bar,Health,99,0,21,1,77,2.99
2025-12-03,S002,P008,Protein Bar,Health,77,60,14,0,123,2.99
2025-12-04,S002,P008,Protein Bar,Health,123,20,19,0,124,2.99
2025-12-05,S002,P008,Protein Bar,Health,124,0,18,0,106,2.99
2025-12-06,S002,P008,Protein Bar,Health,106,40,12,1,133,2.99
2025-12-07,S002,P008,Protein Bar,Health,133,0,32,0,101,2.99
2025-12-08,S002,P008,Protein Bar,Health,101,20,18,1,102,2.99
2025-12-09,S002,P008,Protein Bar,Health,102,0,29,0,73,2.99
2025-12-10,S002,P008,Protein Bar,Health,73,60,21,1,111,2.99
2025-12-11,S002,P008,Protein Bar,Health,111,60,24,1,146,2.99
2025-12-12,S002,P008,Protein Bar,Health,146,40,15,0,171,2.99
2025-12-13,S002,P008,Protein Bar,Health,171,20,37,1,153,2.99
2025-12-14,S002,P008,Protein Bar,Health,153,0,12,0,141,2.99
2025-12-15,S002,P008,Protein Bar,Health,141,20,27,1,133,2.99
2025-12-16,S002,P008,Protein Bar,Health,133,0,12,1,120,2.99
2025-12-17,S002,P008,Protein Bar,Health,120,0,16,0,104,2.99
2025-12-18,S002,P008,Protein Bar,Health,104,60,25,1,138,2.99
2025-12-19,S002,P008,Protein Bar,Health,138,0,19,1,118,2.99
2025-12-20,S002,P008,Protein Bar,Health,118,0,7,0,111,2.99
2025-12-21,S002,P008,Protein Bar,Health,111,60,13,1,157,2.99
2025-12-22,S002,P008,Protein Bar,Health,157,40,29,0,168,2.99
2025-12-23,S002,P008,Protein Bar,Health,168,0,11,1,156,2.99
2025-12-24,S002,P008,Protein Bar,Health,156,0,34,1,121,2.99
2025-12-25,S002,P008,Protein Bar,Health,121,0,25,1,95,2.99
2025-12-26,S002,P008,Protein Bar,Health,95,40,11,1,123,2.99
2025-12-27,S002,P008,Protein Bar,Health,123,0,16,1,106,2.99
2025-12-28,S002,P008,Protein Bar,Health,106,0,15,0,91,2.99
2025-12-29,S002,P008,Protein Bar,Health,91,0,28,1,62,2.99
